<?xml version="1.0" encoding="UTF-8"?>
<!DOCTYPE VNCLASS SYSTEM "vn_class-3.dtd">
<VNCLASS ID="assessment-34.1" xmlns:xsi="http://www.w3.org/2001/XMLSchema-instance" xsi:noNamespaceSchemaLocation="vn_schema-3.xsd">
    <MEMBERS>
        <MEMBER name="analyze" wn="analyze%2:31:00" grouping="analyze.01"/>
        <MEMBER name="appraise" wn="assess%2:31:00" grouping=""/>
        <MEMBER name="assess" wn="assess%2:31:00" grouping="assess.01"/>
        <MEMBER name="audit" wn="audit%2:31:01" grouping="audit.01"/>
        <MEMBER name="evaluate" wn="evaluate%2:31:00" grouping="evaluate.01 evaluate.02"/>
        <MEMBER name="go_over" wn="go_over%2:31:01" grouping=""/>
        <MEMBER name="review" wn="review%2:32:00" grouping="review.02"/>
        <MEMBER name="scrutinize" wn="scrutinize%2:39:00 scrutinize%2:31:00" grouping="scrutinize.01"/>
        <MEMBER name="analyse" wn="analyse%2:31:00 analyse%2:31:04 analyse%2:31:01 analyse%2:31:02" grouping=""/>
        <MEMBER name="assay" wn="assay%2:31:00" grouping=""/>
        <MEMBER name="proofread" wn="proofread%2:31:00" grouping=""/>
        <MEMBER name="study" wn="study%2:31:02" grouping="study.01"/>
    </MEMBERS>
    <THEMROLES>
        <THEMROLE type="Agent">
            <SELRESTRS>
                <SELRESTR Value="+" type="animate"/>
            </SELRESTRS>
        </THEMROLE>
        <THEMROLE type="Theme">
            <SELRESTRS/>
        </THEMROLE>
        <THEMROLE type="Attribute">
            <SELRESTRS/>
        </THEMROLE>
    </THEMROLES>
    <FRAMES>
        <FRAME>
            <DESCRIPTION descriptionNumber="0.2" primary="NP V NP" secondary="Basic Transitive" xtag=""/>
            <EXAMPLES>
                <EXAMPLE>The inspector analyzed the building.</EXAMPLE>
            </EXAMPLES>
            <SYNTAX>
                <NP value="Agent">
                    <SYNRESTRS/>
                </NP>
                <VERB/>
                <NP value="Theme">
                    <SYNRESTRS/>
                </NP>
            </SYNTAX>
            <SEMANTICS>
                <PRED value="assess">
                    <ARGS>
                        <ARG type="Event" value="during(E)"/>
                        <ARG type="ThemRole" value="Agent"/>
                        <ARG type="ThemRole" value="Theme"/>
                        <ARG type="ThemRole" value="?Attribute"/>
                    </ARGS>
                </PRED>
            </SEMANTICS>
        </FRAME>
        <FRAME>
            <DESCRIPTION descriptionNumber="0.2" primary="NP V NP PP.attribute" secondary="NP-PP; Attribute-PP" xtag=""/>
            <EXAMPLES>
                <EXAMPLE>The inspector analyzed the building for its soundness.</EXAMPLE>
            </EXAMPLES>
            <SYNTAX>
                <NP value="Agent">
                    <SYNRESTRS/>
                </NP>
                <VERB/>
                <NP value="Theme">
                    <SYNRESTRS/>
                </NP>
                <PREP value="for">
                    <SELRESTRS/>
                </PREP>
                <NP value="Attribute">
                    <SYNRESTRS/>
                </NP>
            </SYNTAX>
            <SEMANTICS>
                <PRED value="assess">
                    <ARGS>
                        <ARG type="Event" value="during(E)"/>
                        <ARG type="ThemRole" value="Agent"/>
                        <ARG type="ThemRole" value="Theme"/>
                        <ARG type="ThemRole" value="Attribute"/>
                    </ARGS>
                </PRED>
            </SEMANTICS>
        </FRAME>
        <FRAME>
            <DESCRIPTION descriptionNumber="2.13.2" primary="NP V NP.attribute" secondary="NP; Attribute Object" xtag=""/>
            <EXAMPLES>
                <EXAMPLE>The inspector analyzed the building's soundness.</EXAMPLE>
            </EXAMPLES>
            <SYNTAX>
                <NP value="Agent">
                    <SYNRESTRS/>
                </NP>
                <VERB/>
                <NP value="Theme">
                    <SYNRESTRS>
                        <SYNRESTR Value="+" type="genitive"/>
                    </SYNRESTRS>
                </NP>
                <LEX value="'s"/>
                <NP value="Attribute">
                    <SYNRESTRS/>
                </NP>
            </SYNTAX>
            <SEMANTICS>
                <PRED value="assess">
                    <ARGS>
                        <ARG type="Event" value="during(E)"/>
                        <ARG type="ThemRole" value="Agent"/>
                        <ARG type="ThemRole" value="Theme"/>
                        <ARG type="ThemRole" value="Attribute"/>
                    </ARGS>
                </PRED>
            </SEMANTICS>
        </FRAME>
    </FRAMES>
    <SUBCLASSES/>
</VNCLASS>
