<?xml version="1.0" encoding="UTF-8"?>
<!DOCTYPE VNCLASS SYSTEM "vn_class-3.dtd">
<VNCLASS ID="battle-36.4" xmlns:xsi="http://www.w3.org/2001/XMLSchema-instance" xsi:noNamespaceSchemaLocation="vn_schema-3.xsd">
    <MEMBERS>
        <MEMBER name="consult" wn="consult%2:32:05" grouping="consult.02"/>
        <MEMBER name="contend" wn="" grouping=""/>
        <MEMBER name="exile" wn="" grouping=""/>
    </MEMBERS>
    <THEMROLES>
        <THEMROLE type="Agent">
            <SELRESTRS logic="or">
                <SELRESTR Value="+" type="animate"/>
                <SELRESTR Value="+" type="organization"/>
            </SELRESTRS>
        </THEMROLE>
        <THEMROLE type="Co-Agent">
            <SELRESTRS logic="or">
                <SELRESTR Value="+" type="animate"/>
                <SELRESTR Value="+" type="organization"/>
            </SELRESTRS>
        </THEMROLE>
        <THEMROLE type="Topic">
            <SELRESTRS/>
        </THEMROLE>
    </THEMROLES>
    <FRAMES>
        <FRAME>
            <DESCRIPTION descriptionNumber="8.1" primary="NP V PP.co-agent PP.topic whether/if S" secondary="PP-P-WH-S; with-PP about-PP" xtag="0.2"/>
            <EXAMPLES>
                <EXAMPLE>I battled with him about whether he should kill the peasants.</EXAMPLE>
            </EXAMPLES>
            <SYNTAX>
                <NP value="Agent">
                    <SYNRESTRS/>
                </NP>
                <VERB/>
                <PREP value="with">
                    <SELRESTRS/>
                </PREP>
                <NP value="Co-Agent">
                    <SYNRESTRS/>
                </NP>
                <PREP value="about">
                    <SELRESTRS/>
                </PREP>
                <NP value="Topic">
                    <SYNRESTRS>
                        <SYNRESTR Value="+" type="wh_comp"/>
                    </SYNRESTRS>
                </NP>
            </SYNTAX>
            <SEMANTICS>
                <PRED value="social_interaction">
                    <ARGS>
                        <ARG type="Event" value="during(E)"/>
                        <ARG type="ThemRole" value="Agent"/>
                        <ARG type="ThemRole" value="Co-Agent"/>
                    </ARGS>
                </PRED>
                <PRED value="conflict">
                    <ARGS>
                        <ARG type="Event" value="during(E)"/>
                        <ARG type="ThemRole" value="Agent"/>
                        <ARG type="ThemRole" value="Co-Agent"/>
                    </ARGS>
                </PRED>
                <PRED value="about">
                    <ARGS>
                        <ARG type="Event" value="E"/>
                        <ARG type="ThemRole" value="Topic"/>
                    </ARGS>
                </PRED>
            </SEMANTICS>
        </FRAME>
        <FRAME>
            <DESCRIPTION descriptionNumber="8.1" primary="NP V PP.co-agent PP.topic what S" secondary="PP-P-WHAT-S; with-PP about-PP" xtag="0.2"/>
            <EXAMPLES>
                <EXAMPLE>I battled with him about whether he should go.</EXAMPLE>
            </EXAMPLES>
            <SYNTAX>
                <NP value="Agent">
                    <SYNRESTRS/>
                </NP>
                <VERB/>
                <PREP value="with">
                    <SELRESTRS/>
                </PREP>
                <NP value="Co-Agent">
                    <SYNRESTRS/>
                </NP>
                <PREP value="about">
                    <SELRESTRS/>
                </PREP>
                <NP value="Topic">
                    <SYNRESTRS>
                        <SYNRESTR Value="+" type="what_extract"/>
                    </SYNRESTRS>
                </NP>
            </SYNTAX>
            <SEMANTICS>
                <PRED value="social_interaction">
                    <ARGS>
                        <ARG type="Event" value="during(E)"/>
                        <ARG type="ThemRole" value="Agent"/>
                        <ARG type="ThemRole" value="Co-Agent"/>
                    </ARGS>
                </PRED>
                <PRED value="conflict">
                    <ARGS>
                        <ARG type="Event" value="during(E)"/>
                        <ARG type="ThemRole" value="Agent"/>
                        <ARG type="ThemRole" value="Co-Agent"/>
                    </ARGS>
                </PRED>
                <PRED value="about">
                    <ARGS>
                        <ARG type="Event" value="E"/>
                        <ARG type="ThemRole" value="Topic"/>
                    </ARGS>
                </PRED>
            </SEMANTICS>
        </FRAME>
        <FRAME>
            <DESCRIPTION descriptionNumber="8.1" primary="NP V PP.co-agent PP.topic what S_INF" secondary="PP-P-WHAT-TO-INF; with-PP about-PP" xtag="0.2"/>
            <EXAMPLES>
                <EXAMPLE>I battled with him about what to do.</EXAMPLE>
            </EXAMPLES>
            <SYNTAX>
                <NP value="Agent">
                    <SYNRESTRS/>
                </NP>
                <VERB/>
                <PREP value="with">
                    <SELRESTRS/>
                </PREP>
                <NP value="Co-Agent">
                    <SYNRESTRS/>
                </NP>
                <PREP value="about">
                    <SELRESTRS/>
                </PREP>
                <NP value="Topic">
                    <SYNRESTRS>
                        <SYNRESTR Value="+" type="what_inf"/>
                    </SYNRESTRS>
                </NP>
            </SYNTAX>
            <SEMANTICS>
                <PRED value="social_interaction">
                    <ARGS>
                        <ARG type="Event" value="during(E)"/>
                        <ARG type="ThemRole" value="Agent"/>
                        <ARG type="ThemRole" value="Co-Agent"/>
                    </ARGS>
                </PRED>
                <PRED value="conflict">
                    <ARGS>
                        <ARG type="Event" value="during(E)"/>
                        <ARG type="ThemRole" value="Agent"/>
                        <ARG type="ThemRole" value="Co-Agent"/>
                    </ARGS>
                </PRED>
                <PRED value="about">
                    <ARGS>
                        <ARG type="Event" value="E"/>
                        <ARG type="ThemRole" value="Topic"/>
                    </ARGS>
                </PRED>
            </SEMANTICS>
        </FRAME>
        <FRAME>
            <DESCRIPTION descriptionNumber="8.1" primary="NP V PP.co-agent PP.topic whether S_INF" secondary="PP-P-WH-TO-INF; with-PP about-PP" xtag="0.2"/>
            <EXAMPLES>
                <EXAMPLE>I battled with him about whether to go.</EXAMPLE>
            </EXAMPLES>
            <SYNTAX>
                <NP value="Agent">
                    <SYNRESTRS/>
                </NP>
                <VERB/>
                <PREP value="with">
                    <SELRESTRS/>
                </PREP>
                <NP value="Co-Agent">
                    <SYNRESTRS/>
                </NP>
                <PREP value="about">
                    <SELRESTRS/>
                </PREP>
                <NP value="Topic">
                    <SYNRESTRS>
                        <SYNRESTR Value="+" type="wheth_inf"/>
                    </SYNRESTRS>
                </NP>
            </SYNTAX>
            <SEMANTICS>
                <PRED value="social_interaction">
                    <ARGS>
                        <ARG type="Event" value="during(E)"/>
                        <ARG type="ThemRole" value="Agent"/>
                        <ARG type="ThemRole" value="Co-Agent"/>
                    </ARGS>
                </PRED>
                <PRED value="conflict">
                    <ARGS>
                        <ARG type="Event" value="during(E)"/>
                        <ARG type="ThemRole" value="Agent"/>
                        <ARG type="ThemRole" value="Co-Agent"/>
                    </ARGS>
                </PRED>
                <PRED value="about">
                    <ARGS>
                        <ARG type="Event" value="E"/>
                        <ARG type="ThemRole" value="Topic"/>
                    </ARGS>
                </PRED>
            </SEMANTICS>
        </FRAME>
        <FRAME>
            <DESCRIPTION descriptionNumber="8.1" primary="NP V PP.co-agent PP.topic" secondary="PP-PP; with-PP about-PP" xtag="0.2"/>
            <EXAMPLES>
                <EXAMPLE>I battled with him about it.</EXAMPLE>
            </EXAMPLES>
            <SYNTAX>
                <NP value="Agent">
                    <SYNRESTRS/>
                </NP>
                <VERB/>
                <PREP value="with">
                    <SELRESTRS/>
                </PREP>
                <NP value="Co-Agent">
                    <SYNRESTRS/>
                </NP>
                <PREP value="about">
                    <SELRESTRS/>
                </PREP>
                <NP value="Topic">
                    <SYNRESTRS>
                        <SYNRESTR Value="-" type="sentential"/>
                    </SYNRESTRS>
                </NP>
            </SYNTAX>
            <SEMANTICS>
                <PRED value="social_interaction">
                    <ARGS>
                        <ARG type="Event" value="during(E)"/>
                        <ARG type="ThemRole" value="Agent"/>
                        <ARG type="ThemRole" value="Co-Agent"/>
                    </ARGS>
                </PRED>
                <PRED value="conflict">
                    <ARGS>
                        <ARG type="Event" value="during(E)"/>
                        <ARG type="ThemRole" value="Agent"/>
                        <ARG type="ThemRole" value="Co-Agent"/>
                    </ARGS>
                </PRED>
                <PRED value="about">
                    <ARGS>
                        <ARG type="Event" value="E"/>
                        <ARG type="ThemRole" value="Topic"/>
                    </ARGS>
                </PRED>
            </SEMANTICS>
        </FRAME>
    </FRAMES>
    <SUBCLASSES>
        <VNSUBCLASS ID="battle-36.4-1">
            <MEMBERS>
                <MEMBER name="argue" wn="argue%2:32:00" grouping="argue.01"/>
                <MEMBER name="bargain" wn="bargain%2:32:00" grouping=""/>
                <MEMBER name="battle" wn="battle%2:33:00" grouping="battle.01"/>
                <MEMBER name="bicker" wn="bicker%2:32:00" grouping=""/>
                <MEMBER name="brawl" wn="brawl%2:32:00" grouping=""/>
                <MEMBER name="clash" wn="clash%2:32:00" grouping=""/>
                <MEMBER name="combat" wn="combat%2:33:00" grouping="combat.01"/>
                <MEMBER name="compete" wn="compete%2:33:00" grouping="compete.01"/>
                <MEMBER name="conflict" wn="conflict%2:42:00" grouping="conflict.01"/>
                <MEMBER name="correspond" wn="correspond%2:32:00" grouping="correspond.02"/>
                <MEMBER name="communicate" wn="" grouping=""/>
                <MEMBER name="dicker" wn="dicker%2:40:00" grouping=""/>
                <MEMBER name="differ" wn="differ%2:32:00" grouping="differ.02"/>
                <MEMBER name="disagree" wn="disagree%2:32:00" grouping="disagree.01"/>
                <MEMBER name="dispute" wn="dispute%2:32:01" grouping="dispute.02"/>
                <MEMBER name="duel" wn="duel%2:33:00" grouping=""/>
                <MEMBER name="feud" wn="feud%2:33:00" grouping=""/>
                <MEMBER name="fight" wn="fight%2:41:00" grouping="fight.02"/>
                <MEMBER name="joust" wn="joust%2:33:00" grouping=""/>
                <MEMBER name="quarrel" wn="quarrel%2:32:00" grouping=""/>
                <MEMBER name="quibble" wn="quibble%2:32:00" grouping=""/>
                <MEMBER name="refight" wn="" grouping=""/>
                <MEMBER name="scuffle" wn="scuffle%2:35:00" grouping=""/>
                <MEMBER name="skirmish" wn="skirmish%2:33:00" grouping=""/>
                <MEMBER name="spar" wn="spar%2:35:01 spar%2:35:00 spar%2:32:00" grouping=""/>
                <MEMBER name="spat" wn="spat%2:32:00" grouping=""/>
                <MEMBER name="struggle" wn="struggle%2:41:00" grouping="struggle.01"/>
                <MEMBER name="squabble" wn="squabble%2:32:00" grouping=""/>
                <MEMBER name="tilt" wn="tilt%2:33:00" grouping="tilt.02"/>
                <MEMBER name="tussle" wn="tussle%2:35:01" grouping=""/>
                <MEMBER name="vie" wn="vie%2:33:00" grouping=""/>
                <MEMBER name="war" wn="war%2:33:00" grouping=""/>
                <MEMBER name="wrangle" wn="wrangle%2:32:00" grouping=""/>
                <MEMBER name="wrestle" wn="wrestle%2:35:00" grouping="wrestle.01"/>
            </MEMBERS>
            <THEMROLES/>
            <FRAMES>
                <FRAME>
                    <DESCRIPTION descriptionNumber="8.1" primary="NP V" secondary="Intransitive; Plural Subject" xtag="0.1"/>
                    <EXAMPLES>
                        <EXAMPLE>They battled.</EXAMPLE>
                    </EXAMPLES>
                    <SYNTAX>
                        <NP value="Agent">
                            <SYNRESTRS>
                                <SYNRESTR Value="+" type="plural"/>
                            </SYNRESTRS>
                        </NP>
                        <VERB/>
                    </SYNTAX>
                    <SEMANTICS>
                        <PRED value="social_interaction">
                            <ARGS>
                                <ARG type="Event" value="during(E)"/>
                                <ARG type="ThemRole" value="Agent_i"/>
                                <ARG type="ThemRole" value="Agent_j"/>
                            </ARGS>
                        </PRED>
                        <PRED value="conflict">
                            <ARGS>
                                <ARG type="Event" value="during(E)"/>
                                <ARG type="ThemRole" value="Agent_i"/>
                                <ARG type="ThemRole" value="Agent_j"/>
                            </ARGS>
                        </PRED>
                        <PRED value="about">
                            <ARGS>
                                <ARG type="Event" value="E"/>
                                <ARG type="ThemRole" value="?Topic"/>
                            </ARGS>
                        </PRED>
                    </SEMANTICS>
                </FRAME>
                <FRAME>
                    <DESCRIPTION descriptionNumber="8.1" primary="NP V PP.topic NP S_ING" secondary="P-POSSING; about-PP" xtag="0.1"/>
                    <EXAMPLES>
                        <EXAMPLE>They battled about his coming.</EXAMPLE>
                    </EXAMPLES>
                    <SYNTAX>
                        <NP value="Agent">
                            <SYNRESTRS>
                                <SYNRESTR Value="+" type="plural"/>
                            </SYNRESTRS>
                        </NP>
                        <VERB/>
                        <PREP value="about">
                            <SELRESTRS/>
                        </PREP>
                        <NP value="Topic">
                            <SYNRESTRS>
                                <SYNRESTR Value="+" type="poss_ing"/>
                            </SYNRESTRS>
                        </NP>
                    </SYNTAX>
                    <SEMANTICS>
                        <PRED value="social_interaction">
                            <ARGS>
                                <ARG type="Event" value="during(E)"/>
                                <ARG type="ThemRole" value="Agent_i"/>
                                <ARG type="ThemRole" value="Agent_j"/>
                            </ARGS>
                        </PRED>
                        <PRED value="conflict">
                            <ARGS>
                                <ARG type="Event" value="during(E)"/>
                                <ARG type="ThemRole" value="Agent_i"/>
                                <ARG type="ThemRole" value="Agent_j"/>
                            </ARGS>
                        </PRED>
                        <PRED value="about">
                            <ARGS>
                                <ARG type="Event" value="E"/>
                                <ARG type="ThemRole" value="Topic"/>
                            </ARGS>
                        </PRED>
                    </SEMANTICS>
                </FRAME>
                <FRAME>
                    <DESCRIPTION descriptionNumber="8.1" primary="NP V PP.topic whether S" secondary="P-WH-S; about-PP" xtag="0.1"/>
                    <EXAMPLES>
                        <EXAMPLE>They battled about whether he should go.</EXAMPLE>
                    </EXAMPLES>
                    <SYNTAX>
                        <NP value="Agent">
                            <SYNRESTRS>
                                <SYNRESTR Value="+" type="plural"/>
                            </SYNRESTRS>
                        </NP>
                        <VERB/>
                        <PREP value="about">
                            <SELRESTRS/>
                        </PREP>
                        <NP value="Topic">
                            <SYNRESTRS>
                                <SYNRESTR Value="+" type="wh_comp"/>
                            </SYNRESTRS>
                        </NP>
                    </SYNTAX>
                    <SEMANTICS>
                        <PRED value="social_interaction">
                            <ARGS>
                                <ARG type="Event" value="during(E)"/>
                                <ARG type="ThemRole" value="Agent_i"/>
                                <ARG type="ThemRole" value="Agent_j"/>
                            </ARGS>
                        </PRED>
                        <PRED value="conflict">
                            <ARGS>
                                <ARG type="Event" value="during(E)"/>
                                <ARG type="ThemRole" value="Agent_i"/>
                                <ARG type="ThemRole" value="Agent_j"/>
                            </ARGS>
                        </PRED>
                        <PRED value="about">
                            <ARGS>
                                <ARG type="Event" value="E"/>
                                <ARG type="ThemRole" value="Topic"/>
                            </ARGS>
                        </PRED>
                    </SEMANTICS>
                </FRAME>
                <FRAME>
                    <DESCRIPTION descriptionNumber="8.1" primary="NP V PP.topic what S" secondary="P-WHAT-S; about-PP" xtag="0.1"/>
                    <EXAMPLES>
                        <EXAMPLE>They battled about what was the right thing.</EXAMPLE>
                    </EXAMPLES>
                    <SYNTAX>
                        <NP value="Agent">
                            <SYNRESTRS>
                                <SYNRESTR Value="+" type="plural"/>
                            </SYNRESTRS>
                        </NP>
                        <VERB/>
                        <PREP value="about">
                            <SELRESTRS/>
                        </PREP>
                        <NP value="Topic">
                            <SYNRESTRS>
                                <SYNRESTR Value="+" type="what_extract"/>
                            </SYNRESTRS>
                        </NP>
                    </SYNTAX>
                    <SEMANTICS>
                        <PRED value="social_interaction">
                            <ARGS>
                                <ARG type="Event" value="during(E)"/>
                                <ARG type="ThemRole" value="Agent_i"/>
                                <ARG type="ThemRole" value="Agent_j"/>
                            </ARGS>
                        </PRED>
                        <PRED value="conflict">
                            <ARGS>
                                <ARG type="Event" value="during(E)"/>
                                <ARG type="ThemRole" value="Agent_i"/>
                                <ARG type="ThemRole" value="Agent_j"/>
                            </ARGS>
                        </PRED>
                        <PRED value="about">
                            <ARGS>
                                <ARG type="Event" value="E"/>
                                <ARG type="ThemRole" value="Topic"/>
                            </ARGS>
                        </PRED>
                    </SEMANTICS>
                </FRAME>
                <FRAME>
                    <DESCRIPTION descriptionNumber="8.1" primary="NP V PP.topic whether S_INF" secondary="P-WH-TO-INF; about-PP" xtag="0.1"/>
                    <EXAMPLES>
                        <EXAMPLE>They battled about whether to go.</EXAMPLE>
                    </EXAMPLES>
                    <SYNTAX>
                        <NP value="Agent">
                            <SYNRESTRS>
                                <SYNRESTR Value="+" type="plural"/>
                            </SYNRESTRS>
                        </NP>
                        <VERB/>
                        <PREP value="about">
                            <SELRESTRS/>
                        </PREP>
                        <NP value="Topic">
                            <SYNRESTRS>
                                <SYNRESTR Value="+" type="wheth_inf"/>
                            </SYNRESTRS>
                        </NP>
                    </SYNTAX>
                    <SEMANTICS>
                        <PRED value="social_interaction">
                            <ARGS>
                                <ARG type="Event" value="during(E)"/>
                                <ARG type="ThemRole" value="Agent_i"/>
                                <ARG type="ThemRole" value="Agent_j"/>
                            </ARGS>
                        </PRED>
                        <PRED value="conflict">
                            <ARGS>
                                <ARG type="Event" value="during(E)"/>
                                <ARG type="ThemRole" value="Agent_i"/>
                                <ARG type="ThemRole" value="Agent_j"/>
                            </ARGS>
                        </PRED>
                        <PRED value="about">
                            <ARGS>
                                <ARG type="Event" value="E"/>
                                <ARG type="ThemRole" value="Topic"/>
                            </ARGS>
                        </PRED>
                    </SEMANTICS>
                </FRAME>
                <FRAME>
                    <DESCRIPTION descriptionNumber="8.1" primary="NP V PP.topic what S_INF" secondary="P-WHAT-TO-INF; about-PP" xtag="0.1"/>
                    <EXAMPLES>
                        <EXAMPLE>They battled about what to do.</EXAMPLE>
                    </EXAMPLES>
                    <SYNTAX>
                        <NP value="Agent">
                            <SYNRESTRS>
                                <SYNRESTR Value="+" type="plural"/>
                            </SYNRESTRS>
                        </NP>
                        <VERB/>
                        <PREP value="about">
                            <SELRESTRS/>
                        </PREP>
                        <NP value="Topic">
                            <SYNRESTRS>
                                <SYNRESTR Value="+" type="what_inf"/>
                            </SYNRESTRS>
                        </NP>
                    </SYNTAX>
                    <SEMANTICS>
                        <PRED value="social_interaction">
                            <ARGS>
                                <ARG type="Event" value="during(E)"/>
                                <ARG type="ThemRole" value="Agent_i"/>
                                <ARG type="ThemRole" value="Agent_j"/>
                            </ARGS>
                        </PRED>
                        <PRED value="conflict">
                            <ARGS>
                                <ARG type="Event" value="during(E)"/>
                                <ARG type="ThemRole" value="Agent_i"/>
                                <ARG type="ThemRole" value="Agent_j"/>
                            </ARGS>
                        </PRED>
                        <PRED value="about">
                            <ARGS>
                                <ARG type="Event" value="E"/>
                                <ARG type="ThemRole" value="Topic"/>
                            </ARGS>
                        </PRED>
                    </SEMANTICS>
                </FRAME>
                <FRAME>
                    <DESCRIPTION descriptionNumber="8.1" primary="NP V PP.topic" secondary="PP; about-PP" xtag="0.1"/>
                    <EXAMPLES>
                        <EXAMPLE>They battled about it.</EXAMPLE>
                    </EXAMPLES>
                    <SYNTAX>
                        <NP value="Agent">
                            <SYNRESTRS>
                                <SYNRESTR Value="+" type="plural"/>
                            </SYNRESTRS>
                        </NP>
                        <VERB/>
                        <PREP value="about">
                            <SELRESTRS/>
                        </PREP>
                        <NP value="Topic">
                            <SYNRESTRS>
                                <SYNRESTR Value="-" type="sentential"/>
                            </SYNRESTRS>
                        </NP>
                    </SYNTAX>
                    <SEMANTICS>
                        <PRED value="social_interaction">
                            <ARGS>
                                <ARG type="Event" value="during(E)"/>
                                <ARG type="ThemRole" value="Agent_i"/>
                                <ARG type="ThemRole" value="Agent_j"/>
                            </ARGS>
                        </PRED>
                        <PRED value="conflict">
                            <ARGS>
                                <ARG type="Event" value="during(E)"/>
                                <ARG type="ThemRole" value="Agent_i"/>
                                <ARG type="ThemRole" value="Agent_j"/>
                            </ARGS>
                        </PRED>
                        <PRED value="about">
                            <ARGS>
                                <ARG type="Event" value="E"/>
                                <ARG type="ThemRole" value="Topic"/>
                            </ARGS>
                        </PRED>
                    </SEMANTICS>
                </FRAME>
            </FRAMES>
            <SUBCLASSES/>
        </VNSUBCLASS>
    </SUBCLASSES>
</VNCLASS>



