<?xml version="1.0" encoding="UTF-8"?>
<!DOCTYPE VNCLASS SYSTEM "vn_class-3.dtd">
<VNCLASS ID="bill-54.5" xmlns:xsi="http://www.w3.org/2001/XMLSchema-instance" xsi:noNamespaceSchemaLocation="vn_schema-3.xsd">
    <MEMBERS>
        <MEMBER name="amerce" wn="amerce%2:41:01" grouping=""/>
        <MEMBER name="bet" wn="bet%2:33:00" grouping="bet.01"/>
        <MEMBER name="bill" wn="bill%2:40:00" grouping="bill.01"/>
        <MEMBER name="charge" wn="charge%2:40:02 charge%2:31:12" grouping="charge.01"/>
        <MEMBER name="fine" wn="fine%2:41:00" grouping="fine.01"/>
        <MEMBER name="invoice" wn="invoice%2:40:00" grouping=""/>
        <MEMBER name="mulct" wn="?mulct%2:41:00 mulct%2:40:00" grouping=""/>
        <MEMBER name="overcharge" wn="overcharge%2:40:00" grouping=""/>
        <MEMBER name="save" wn="?save%2:40:02 ?save%2:30:00" grouping="save.03"/>
        <MEMBER name="scrimp" wn="scrimp%2:40:00" grouping=""/>
        <MEMBER name="spare" wn="spare%2:41:01" grouping="spare.01 spare.02"/>
        <MEMBER name="tax" wn="tax%2:40:00" grouping="tax.01"/>
        <MEMBER name="tip" wn="tip%2:40:00" grouping="tip.02"/>
        <MEMBER name="undercharge" wn="undercharge%2:40:00" grouping=""/>
        <MEMBER name="wager" wn="wager%2:33:00" grouping=""/>
    </MEMBERS>
    <THEMROLES>
        <THEMROLE type="Agent">
            <SELRESTRS logic="or">
                <SELRESTR Value="+" type="animate"/>
                <SELRESTR Value="+" type="organization"/>
            </SELRESTRS>
        </THEMROLE>
        <THEMROLE type="Asset">
            <SELRESTRS>
                <SELRESTR Value="+" type="currency"/>
            </SELRESTRS>
        </THEMROLE>
        <THEMROLE type="Recipient">
            <SELRESTRS logic="or">
                <SELRESTR Value="+" type="animate"/>
                <SELRESTR Value="+" type="organization"/>
            </SELRESTRS>
        </THEMROLE>
        </THEMROLES>
    <FRAMES>
        <FRAME>
            <DESCRIPTION descriptionNumber="0.2" primary="NP V NP.recipient" secondary="Transitive; Recipient Object" xtag=""/>
            <EXAMPLES>
                <EXAMPLE>The phone company billed me.</EXAMPLE>
            </EXAMPLES>
            <SYNTAX>
                <NP value="Agent">
                    <SYNRESTRS/>
                </NP>
                <VERB/>
                <NP value="Recipient">
                    <SYNRESTRS/>
                </NP>
            </SYNTAX>
            <SEMANTICS>
                <PRED value="financial_relationship">
                    <ARGS>
                        <ARG type="Event" value="E"/>
                        <ARG type="ThemRole" value="Agent"/>
                        <ARG type="ThemRole" value="Recipient"/>
                        <ARG type="ThemRole" value="?Asset"/>
                    </ARGS>
                </PRED>
            </SEMANTICS>
        </FRAME>
        <FRAME>
            <DESCRIPTION descriptionNumber="0.2" primary="NP V NP NP.asset" secondary="NP-PP; Asset Object" xtag=""/>
            <EXAMPLES>
                <EXAMPLE>The phone company billed me $10.</EXAMPLE>
            </EXAMPLES>
            <SYNTAX>
                <NP value="Agent">
                    <SYNRESTRS/>
                </NP>
                <VERB/>
                <NP value="Recipient">
                    <SYNRESTRS/>
                </NP>
                <NP value="Asset">
                    <SYNRESTRS/>
                </NP>
            </SYNTAX>
            <SEMANTICS>
                <PRED value="financial_relationship">
                    <ARGS>
                        <ARG type="Event" value="E"/>
                        <ARG type="ThemRole" value="Agent"/>
                        <ARG type="ThemRole" value="Recipient"/>
                        <ARG type="ThemRole" value="Asset"/>
                    </ARGS>
                </PRED>
            </SEMANTICS>
        </FRAME>
    </FRAMES>
    <SUBCLASSES/>
</VNCLASS>
