<?xml version="1.0" encoding="UTF-8"?>
<!DOCTYPE VNCLASS SYSTEM "vn_class-3.dtd">
<VNCLASS ID="bring-11.3" xmlns:xsi="http://www.w3.org/2001/XMLSchema-instance" xsi:noNamespaceSchemaLocation="vn_schema-3.xsd">
    <!--We should also specify deictic predicates, where direction is either towards or away from the "place of speaking" or the "point from which the action is regarded"-->
    <MEMBERS>
        <MEMBER name="take" wn="take%2:38:09 take%2:38:10 take%2:42:10" grouping="take.04"/>
    </MEMBERS>
    <THEMROLES>
        <THEMROLE type="Agent">
            <SELRESTRS>
                <SELRESTR Value="+" type="int_control"/>
            </SELRESTRS>
        </THEMROLE>
        <THEMROLE type="Theme">
            <SELRESTRS>
                <SELRESTR Value="+" type="concrete"/>
            </SELRESTRS>
        </THEMROLE>
        <THEMROLE type="Initial_Location">
            <SELRESTRS>
                <SELRESTR Value="+" type="location"/>
            </SELRESTRS>
        </THEMROLE>
        <THEMROLE type="Destination">
            <SELRESTRS logic="or">
                <SELRESTR Value="+" type="animate"/>
                <SELRESTRS>
                    <SELRESTR Value="+" type="location"/>
                    <SELRESTR Value="-" type="region"/>
                </SELRESTRS>
            </SELRESTRS>
        </THEMROLE>
        <THEMROLE type="Instrument">
            <SELRESTRS/>
        </THEMROLE>
    </THEMROLES>
    <FRAMES>
        <FRAME>
            <DESCRIPTION descriptionNumber="0.2" primary="NP V NP" secondary="Basic Transitive" xtag="0.2"/>
            <EXAMPLES>
                <EXAMPLE>Nora brought the book.</EXAMPLE>
            </EXAMPLES>
            <SYNTAX>
                <NP value="Agent">
                    <SYNRESTRS/>
                </NP>
                <VERB/>
                <NP value="Theme">
                    <SYNRESTRS/>
                </NP>
            </SYNTAX>
            <SEMANTICS>
                <PRED value="motion">
                    <ARGS>
                        <ARG type="Event" value="during(E0)"/>
                        <ARG type="ThemRole" value="Theme"/>
                    </ARGS>
                </PRED>
                <PRED value="equals">
                    <ARGS>
                        <ARG type="Event" value="E0"/>
                        <ARG type="Event" value="E1"/>
                    </ARGS>
                </PRED>
                <PRED value="motion">
                    <ARGS>
                        <ARG type="Event" value="during(E1)"/>
                        <ARG type="ThemRole" value="Agent"/>
                    </ARGS>
                </PRED>
                <PRED value="cause">
                    <ARGS>
                        <ARG type="ThemRole" value="Agent"/>
                        <ARG type="Event" value="E0"/>
                    </ARGS>
                </PRED>
            </SEMANTICS>
        </FRAME>
        <FRAME>
            <DESCRIPTION descriptionNumber="0.2" primary="NP V NP PP.destination" secondary="NP-PP; Goal-PP" xtag=""/>
            <EXAMPLES>
                <EXAMPLE>Nora brought the book to the meeting.</EXAMPLE>
            </EXAMPLES>
            <SYNTAX>
                <NP value="Agent">
                    <SYNRESTRS/>
                </NP>
                <VERB/>
                <NP value="Theme">
                    <SYNRESTRS/>
                </NP>
                <PREP value="against before into on to onto">
                    <SELRESTRS/>
                </PREP>
                <NP value="Destination">
                    <SYNRESTRS/>
                </NP>
            </SYNTAX>
            <SEMANTICS>
                <PRED value="motion">
                    <ARGS>
                        <ARG type="Event" value="during(E0)"/>
                        <ARG type="ThemRole" value="Theme"/>
                    </ARGS>
                </PRED>
                <PRED value="location">
                    <ARGS>
                        <ARG type="Event" value="end(E0)"/>
                        <ARG type="ThemRole" value="Theme"/>
                        <ARG type="ThemRole" value="Destination"/>
                    </ARGS>
                </PRED>
                <PRED value="equals">
                    <ARGS>
                        <ARG type="Event" value="E0"/>
                        <ARG type="Event" value="E1"/>
                    </ARGS>
                </PRED>
                <PRED value="motion">
                    <ARGS>
                        <ARG type="Event" value="during(E1)"/>
                        <ARG type="ThemRole" value="Agent"/>
                    </ARGS>
                </PRED>
                <PRED value="location">
                    <ARGS>
                        <ARG type="Event" value="end(E1)"/>
                        <ARG type="ThemRole" value="Agent"/>
                        <ARG type="ThemRole" value="Destination"/>
                    </ARGS>
                </PRED>
                <PRED value="cause">
                    <ARGS>
                        <ARG type="ThemRole" value="Agent"/>
                        <ARG type="Event" value="E0"/>
                    </ARGS>
                </PRED>
            </SEMANTICS>
        </FRAME>
        <FRAME>
            <DESCRIPTION descriptionNumber="0.2" primary="NP V PP.destination NP" secondary="PP-NP; Goal-PP" xtag=""/>
            <EXAMPLES>
                <EXAMPLE>Nora brought to lunch the book.</EXAMPLE>
            </EXAMPLES>
            <SYNTAX>
                <NP value="Agent">
                    <SYNRESTRS/>
                </NP>
                <VERB/>
                <PREP value="against before into on to onto">
                    <SELRESTRS/>
                </PREP>
                <NP value="Destination">
                    <SYNRESTRS/>
                </NP>
                <NP value="Theme">
                    <SYNRESTRS/>
                </NP>
            </SYNTAX>
            <SEMANTICS>
                <PRED value="motion">
                    <ARGS>
                        <ARG type="Event" value="during(E0)"/>
                        <ARG type="ThemRole" value="Theme"/>
                    </ARGS>
                </PRED>
                <PRED value="location">
                    <ARGS>
                        <ARG type="Event" value="end(E0)"/>
                        <ARG type="ThemRole" value="Theme"/>
                        <ARG type="ThemRole" value="Destination"/>
                    </ARGS>
                </PRED>
                <PRED value="equals">
                    <ARGS>
                        <ARG type="Event" value="E0"/>
                        <ARG type="Event" value="E1"/>
                    </ARGS>
                </PRED>
                <PRED value="motion">
                    <ARGS>
                        <ARG type="Event" value="during(E1)"/>
                        <ARG type="ThemRole" value="Agent"/>
                    </ARGS>
                </PRED>
                <PRED value="location">
                    <ARGS>
                        <ARG type="Event" value="end(E1)"/>
                        <ARG type="ThemRole" value="Agent"/>
                        <ARG type="ThemRole" value="Destination"/>
                    </ARGS>
                </PRED>
                <PRED value="cause">
                    <ARGS>
                        <ARG type="ThemRole" value="Agent"/>
                        <ARG type="Event" value="E0"/>
                    </ARGS>
                </PRED>
            </SEMANTICS>
        </FRAME>
        <FRAME>
            <DESCRIPTION descriptionNumber="0.2" primary="NP V NP PP.initial_location" secondary="NP-PP; Initial_Location-PP" xtag=""/>
            <EXAMPLES>
                <EXAMPLE>Nora brought the book from home.</EXAMPLE>
            </EXAMPLES>
            <SYNTAX>
                <NP value="Agent">
                    <SYNRESTRS/>
                </NP>
                <VERB/>
                <NP value="Theme">
                    <SYNRESTRS/>
                </NP>
                <PREP>
                    <SELRESTRS>
                        <SELRESTR Value="+" type="src"/>
                    </SELRESTRS>
                </PREP>
                <NP value="Initial_Location">
                    <SYNRESTRS/>
                </NP>
            </SYNTAX>
            <SEMANTICS>
                <PRED value="motion">
                    <ARGS>
                        <ARG type="Event" value="during(E0)"/>
                        <ARG type="ThemRole" value="Theme"/>
                    </ARGS>
                </PRED>
                <PRED value="location">
                    <ARGS>
                        <ARG type="Event" value="start(E0)"/>
                        <ARG type="ThemRole" value="Theme"/>
                        <ARG type="ThemRole" value="Initial_Location"/>
                    </ARGS>
                </PRED>
                <PRED value="equals">
                    <ARGS>
                        <ARG type="Event" value="E0"/>
                        <ARG type="Event" value="E1"/>
                    </ARGS>
                </PRED>
                <PRED value="motion">
                    <ARGS>
                        <ARG type="Event" value="during(E1)"/>
                        <ARG type="ThemRole" value="Agent"/>
                    </ARGS>
                </PRED>
                <PRED value="location">
                    <ARGS>
                        <ARG type="Event" value="start(E1)"/>
                        <ARG type="ThemRole" value="Agent"/>
                        <ARG type="ThemRole" value="Initial_Location"/>
                    </ARGS>
                </PRED>
                <PRED value="cause">
                    <ARGS>
                        <ARG type="ThemRole" value="Agent"/>
                        <ARG type="Event" value="E0"/>
                    </ARGS>
                </PRED>
            </SEMANTICS>
        </FRAME>
        <FRAME>
            <DESCRIPTION descriptionNumber="0.2" primary="NP V NP PP.initial_location PP.destination" secondary="NP-PP-PP; Initial_Location-PP Goal-PP" xtag=""/>
            <EXAMPLES>
                <EXAMPLE>Nora brought the book from home to the meeting.</EXAMPLE>
            </EXAMPLES>
            <SYNTAX>
                <NP value="Agent">
                    <SYNRESTRS/>
                </NP>
                <VERB/>
                <NP value="Theme">
                    <SYNRESTRS/>
                </NP>
                <PREP>
                    <SELRESTRS>
                        <SELRESTR Value="+" type="src"/>
                    </SELRESTRS>
                </PREP>
                <NP value="Initial_Location">
                    <SYNRESTRS/>
                </NP>
                <PREP value="to">
                    <SELRESTRS/>
                </PREP>
                <NP value="Destination">
                    <SYNRESTRS/>
                </NP>
            </SYNTAX>
            <SEMANTICS>
                <PRED value="motion">
                    <ARGS>
                        <ARG type="Event" value="during(E0)"/>
                        <ARG type="ThemRole" value="Theme"/>
                    </ARGS>
                </PRED>
                <PRED value="location">
                    <ARGS>
                        <ARG type="Event" value="start(E0)"/>
                        <ARG type="ThemRole" value="Theme"/>
                        <ARG type="ThemRole" value="Initial_Location"/>
                    </ARGS>
                </PRED>
                <PRED value="location">
                    <ARGS>
                        <ARG type="Event" value="end(E0)"/>
                        <ARG type="ThemRole" value="Theme"/>
                        <ARG type="ThemRole" value="Destination"/>
                    </ARGS>
                </PRED>
                <PRED value="equals">
                    <ARGS>
                        <ARG type="Event" value="E0"/>
                        <ARG type="Event" value="E1"/>
                    </ARGS>
                </PRED>
                <PRED value="motion">
                    <ARGS>
                        <ARG type="Event" value="during(E1)"/>
                        <ARG type="ThemRole" value="Agent"/>
                    </ARGS>
                </PRED>
                <PRED value="location">
                    <ARGS>
                        <ARG type="Event" value="start(E1)"/>
                        <ARG type="ThemRole" value="Agent"/>
                        <ARG type="ThemRole" value="Initial_Location"/>
                    </ARGS>
                </PRED>
                <PRED value="location">
                    <ARGS>
                        <ARG type="Event" value="end(E1)"/>
                        <ARG type="ThemRole" value="Agent"/>
                        <ARG type="ThemRole" value="Destination"/>
                    </ARGS>
                </PRED>
                <PRED value="cause">
                    <ARGS>
                        <ARG type="ThemRole" value="Agent"/>
                        <ARG type="Event" value="E0"/>
                    </ARGS>
                </PRED>
            </SEMANTICS>
        </FRAME>
        <FRAME>
            <DESCRIPTION descriptionNumber="" primary="NP V NP ADVP" secondary="NP-ADVP-PRED; here/there" xtag=""/>
            <EXAMPLES>
                <EXAMPLE>The train brought us here.</EXAMPLE>
            </EXAMPLES>
            <SYNTAX>
                <NP value="Instrument">
                    <SYNRESTRS/>
                </NP>
                <VERB/>
                <NP value="Theme">
                    <SYNRESTRS/>
                </NP>
                <NP value="Destination">
                    <SYNRESTRS>
                        <SYNRESTR Value="+" type="adv_loc"/>
                    </SYNRESTRS>
                </NP>
            </SYNTAX>
            <SEMANTICS>
                <PRED value="motion">
                    <ARGS>
                        <ARG type="Event" value="during(E0)"/>
                        <ARG type="ThemRole" value="Theme"/>
                    </ARGS>
                </PRED>
                <PRED value="motion">
                    <ARGS>
                        <ARG type="Event" value="during(E1)"/>
                        <ARG type="ThemRole" value="Instrument"/>
                    </ARGS>
                </PRED>
                <PRED value="location">
                    <ARGS>
                        <ARG type="Event" value="end(E0)"/>
                        <ARG type="ThemRole" value="Theme"/>
                        <ARG type="ThemRole" value="Destination"/>
                    </ARGS>
                </PRED>
                <PRED value="location">
                    <ARGS>
                        <ARG type="Event" value="end(E1)"/>
                        <ARG type="ThemRole" value="Instrument"/>
                        <ARG type="ThemRole" value="Destination"/>
                    </ARGS>
                </PRED>
                <PRED value="equals">
                    <ARGS>
                        <ARG type="Event" value="E0"/>
                        <ARG type="Event" value="E1"/>
                    </ARGS>
                </PRED>
                <PRED value="cause">
                    <ARGS>
                        <ARG type="ThemRole" value="Agent"/>
                        <ARG type="Event" value="E0"/>
                    </ARGS>
                </PRED>
            </SEMANTICS>
        </FRAME>
    </FRAMES>
    <SUBCLASSES>
        <VNSUBCLASS ID="bring-11.3-1">
            <MEMBERS>
                <MEMBER name="bring" wn="bring%2:38:00 bring%2:35:00 bring%2:35:02" grouping="bring.01"/>
            </MEMBERS>
            <THEMROLES>
                <THEMROLE type="Destination">
                    <SELRESTRS>
                        <SELRESTR Value="+" type="animate"/>
                    </SELRESTRS>
                </THEMROLE>
            </THEMROLES>
            <FRAMES>
                <FRAME>
                    <DESCRIPTION descriptionNumber="2.1" primary="NP V NP NP" secondary="Dative" xtag=""/>
                    <EXAMPLES>
                        <EXAMPLE>Nora brought Pamela the book.</EXAMPLE>
                    </EXAMPLES>
                    <SYNTAX>
                        <NP value="Agent">
                            <SYNRESTRS/>
                        </NP>
                        <VERB/>
                        <NP value="Destination">
                            <SYNRESTRS/>
                        </NP>
                        <NP value="Theme">
                            <SYNRESTRS/>
                        </NP>
                    </SYNTAX>
                    <SEMANTICS>
                        <PRED value="motion">
                            <ARGS>
                                <ARG type="Event" value="during(E)"/>
                                <ARG type="ThemRole" value="Theme"/>
                            </ARGS>
                        </PRED>
                        <PRED value="direction">
                            <ARGS>
                                <ARG type="Event" value="during(E)"/>
                                <ARG type="Constant" value="toward"/>
                                <ARG type="ThemRole" value="Theme"/>
                                <ARG type="ThemRole" value="Destination"/>
                            </ARGS>
                        </PRED>
                        <PRED value="location">
                            <ARGS>
                                <ARG type="Event" value="end(E)"/>
                                <ARG type="ThemRole" value="Theme"/>
                                <ARG type="ThemRole" value="Destination"/>
                            </ARGS>
                        </PRED>
                        <PRED value="cause">
                            <ARGS>
                                <ARG type="ThemRole" value="Agent"/>
                                <ARG type="Event" value="E"/>
                            </ARGS>
                        </PRED>
                    </SEMANTICS>
                </FRAME>
                <FRAME>
                    <DESCRIPTION descriptionNumber="" primary="NP V NP together" secondary="Together Reciprocal Alternation Transitive" xtag=""/>
                    <EXAMPLES>
                        <EXAMPLE>Nora brought us together.</EXAMPLE>
                    </EXAMPLES>
                    <SYNTAX>
                        <NP value="Agent">
                            <SYNRESTRS/>
                        </NP>
                        <VERB/>
                        <NP value="Theme">
                            <SYNRESTRS>
                                <SYNRESTR Value="+" type="plural"/>
                            </SYNRESTRS>
                        </NP>
                        <LEX value="together"/>
                    </SYNTAX>
                    <SEMANTICS>
                        <PRED value="motion">
                            <ARGS>
                                <ARG type="Event" value="during(E)"/>
                                <ARG type="ThemRole" value="Theme"/>
                            </ARGS>
                        </PRED>
                        <PRED value="cause">
                            <ARGS>
                                <ARG type="ThemRole" value="Agent"/>
                                <ARG type="Event" value="E"/>
                            </ARGS>
                        </PRED>
                        <PRED bool="!" value="together">
                            <ARGS>
                                <ARG type="Event" value="start(E)"/>
                                <ARG type="Constant" value="abstract/physical"/>
                                <ARG type="ThemRole" value="Theme_i"/>
                                <ARG type="ThemRole" value="Theme_j"/>
                            </ARGS>
                        </PRED>
                        <PRED value="together">
                            <ARGS>
                                <ARG type="Event" value="end(E)"/>
                                <ARG type="Constant" value="abstract/physical"/>
                                <ARG type="ThemRole" value="Theme_i"/>
                                <ARG type="ThemRole" value="Theme_j"/>
                            </ARGS>
                        </PRED>
                    </SEMANTICS>
                </FRAME>
            </FRAMES>
            <SUBCLASSES/>
        </VNSUBCLASS>
    </SUBCLASSES>
</VNCLASS>
