<?xml version="1.0" encoding="UTF-8"?>
<!DOCTYPE VNCLASS SYSTEM "vn_class-3.dtd">
<VNCLASS ID="conjecture-29.5" xmlns:xsi="http://www.w3.org/2001/XMLSchema-instance" xsi:noNamespaceSchemaLocation="vn_schema-3.xsd">
    <MEMBERS/>
    <THEMROLES>
        <THEMROLE type="Agent">
            <SELRESTRS logic="or">
                <SELRESTR Value="+" type="animate"/>
                <SELRESTR Value="+" type="organization"/>
            </SELRESTRS>
        </THEMROLE>
        <THEMROLE type="Theme">
            <SELRESTRS/>
        </THEMROLE>
        <THEMROLE type="Predicate">
            <SELRESTRS/>
        </THEMROLE>
    </THEMROLES>
    <FRAMES/>
    <SUBCLASSES>
        <VNSUBCLASS ID="conjecture-29.5-1">
            <MEMBERS>
                <MEMBER name="allow" wn="allow%2:41:00 allow%2:42:00" grouping="allow.01 allow.02"/>
                <MEMBER name="believe" wn="believe%2:31:04 believe%2:31:03" grouping="believe.01"/>
                <MEMBER name="conjecture" wn="conjecture%2:31:00" grouping=""/>
                <MEMBER name="deny" wn="?deny%2:32:04" grouping="deny.01 deny.03"/>
                <MEMBER name="determine" wn="determine%2:32:00" grouping="determine.02 determine.03"/>
                <MEMBER name="doubt" wn="" grouping="doubt.01"/>
                <MEMBER name="expect" wn="expect%2:31:00" grouping="expect.01"/>
                <MEMBER name="feel" wn="feel%2:31:00" grouping="feel.03"/>
                <MEMBER name="foreknow" wn="" grouping=""/>
                <MEMBER name="foresee" wn="foresee%2:31:00" grouping="foresee.01"/>
                <MEMBER name="foretell" wn="foretell%2:32:00" grouping="foretell.01"/>
                <MEMBER name="guess" wn="guess%2:31:01" grouping="guess.02"/>
                <MEMBER name="hold" wn="hold%2:31:01 hold%2:32:11" grouping="hold.02 hold.05"/>
                <MEMBER name="infer" wn="infer%2:31:00 infer%2:32:00" grouping="infer.01"/>
                <MEMBER name="know" wn="know%2:31:11" grouping="know.02"/>
                <MEMBER name="presume" wn="presume%2:31:00" grouping="presume.01"/>
                <MEMBER name="prophesy" wn="" grouping=""/>
                <MEMBER name="realize" wn="" grouping="realize.01"/>
                <MEMBER name="repute" wn="repute%2:31:00" grouping=""/>
                <MEMBER name="recognize" wn="recognize%2:39:01 recognize%2:31:01 recognize%2:31:00" grouping="recognize.01 recognize.02"/>
                <MEMBER name="speculate" wn="speculate%2:31:01 speculate%2:32:00" grouping="speculate.01"/>
                <MEMBER name="surmise" wn="" grouping=""/>
                <MEMBER name="suspect" wn="suspect%2:32:00" grouping="suspect.01"/>
                <MEMBER name="swear" wn="" grouping="swear.03"/>
                <MEMBER name="trust" wn="trust%2:31:02" grouping="trust.01"/>
                <MEMBER name="mean" wn="mean%2:31:00" grouping="mean.02"/>
                <MEMBER name="vaticinate" wn="" grouping=""/>
                <MEMBER name="anticipate" wn="anticipate%2:31:00" grouping="anticipate.01"/>
                <MEMBER name="prognosticate" wn="prognosticate%2:32:00" grouping=""/>
            </MEMBERS>
            <THEMROLES/>
            <FRAMES>
                <FRAME>
                    <DESCRIPTION descriptionNumber="" primary="NP V NP to be NP" secondary="Infinitival Copular Clause" xtag=""/>
                    <EXAMPLES>
                        <EXAMPLE>He felt the choice to be a bad one.</EXAMPLE>
                    </EXAMPLES>
                    <SYNTAX>
                        <NP value="Agent">
                            <SYNRESTRS/>
                        </NP>
                        <VERB/>
                        <NP value="Theme">
                            <SYNRESTRS/>
                        </NP>
                        <LEX value="to"/>
                        <LEX value="be"/>
                        <NP value="Predicate">
                            <SYNRESTRS/>
                        </NP>
                    </SYNTAX>
                    <SEMANTICS>
                        <PRED value="believe">
                            <ARGS>
                                <ARG type="Event" value="during(E)"/>
                                <ARG type="ThemRole" value="Agent"/>
                                <ARG type="ThemRole" value="Theme"/>
                                <ARG type="ThemRole" value="Predicate"/>
                            </ARGS>
                        </PRED>
                    </SEMANTICS>
                </FRAME>
                <FRAME>
                    <DESCRIPTION descriptionNumber="" primary="NP V that S" secondary="S" xtag=""/>
                    <EXAMPLES>
                        <EXAMPLE>The populace feel that the RIAA has too much power.</EXAMPLE>
                    </EXAMPLES>
                    <SYNTAX>
                        <NP value="Agent">
                            <SYNRESTRS/>
                        </NP>
                        <VERB/>
                        <NP value="Theme">
                            <SYNRESTRS>
                                <SYNRESTR Value="+" type="that_comp"/>
                            </SYNRESTRS>
                        </NP>
                    </SYNTAX>
                    <SEMANTICS>
                        <PRED value="believe">
                            <ARGS>
                                <ARG type="Event" value="during(E)"/>
                                <ARG type="ThemRole" value="Agent"/>
                                <ARG type="ThemRole" value="Theme"/>
                                <ARG type="ThemRole" value="?Predicate"/>
                            </ARGS>
                        </PRED>
                    </SEMANTICS>
                </FRAME>
                <FRAME>
                    <DESCRIPTION descriptionNumber="" primary="NP V NP" secondary="Basic Transitive" xtag=""/>
                    <EXAMPLES>
                        <EXAMPLE>He denied the horrid woman's statement.</EXAMPLE>
                    </EXAMPLES>
                    <SYNTAX>
                        <NP value="Agent">
                            <SYNRESTRS/>
                        </NP>
                        <VERB/>
                        <NP value="Theme">
                            <SYNRESTRS>
                                <SYNRESTR Value="-" type="sentential"/>
                            </SYNRESTRS>
                        </NP>
                    </SYNTAX>
                    <SEMANTICS>
                        <PRED value="believe">
                            <ARGS>
                                <ARG type="Event" value="during(E)"/>
                                <ARG type="ThemRole" value="Agent"/>
                                <ARG type="ThemRole" value="Theme"/>
                                <ARG type="ThemRole" value="?Predicate"/>
                            </ARGS>
                        </PRED>
                    </SEMANTICS>
                </FRAME>
            </FRAMES>
            <SUBCLASSES/>
        </VNSUBCLASS>
        <VNSUBCLASS ID="conjecture-29.5-2">
            <MEMBERS>
                <MEMBER name="admit" wn="admit%2:32:00" grouping="admit.01"/>
                <MEMBER name="affirm" wn="affirm%2:32:00" grouping="affirm.01"/>
                <MEMBER name="assert" wn="assert%2:32:00" grouping="assert.01"/>
                <MEMBER name="attest" wn="attest%2:32:00" grouping="attest.01"/>
                <MEMBER name="aver" wn="aver%2:32:01 aver%2:32:00" grouping=""/>
                <MEMBER name="avow" wn="avow%2:32:00 avow%2:32:01" grouping=""/>
                <MEMBER name="avouch" wn="avouch%2:32:00" grouping=""/>
                <MEMBER name="claim" wn="claim%2:32:00" grouping="claim.01"/>
                <MEMBER name="confirm" wn="confirm%2:32:00" grouping="confirm.01"/>
                <MEMBER name="contend" wn="contend%2:32:02" grouping="contend.01"/>
                <MEMBER name="discover" wn="discover%2:39:03" grouping="discover.01"/>
                <MEMBER name="grant" wn="grant%2:32:00" grouping="grant.02"/>
                <MEMBER name="guarantee" wn="guarantee%2:32:01" grouping="guarantee.01"/>
                <MEMBER name="maintain" wn="?maintain%2:32:00 ?maintain%2:32:01" grouping="maintain.02"/>
                <MEMBER name="observe" wn="observe%2:39:02" grouping="observe.03"/>
                <MEMBER name="reaffirm" wn="reaffirm%2:32:00"
                grouping="reaffirm.01"/>
                <MEMBER name="reassert" wn="reassert%2:32:00" grouping=""/>
                <MEMBER name="show" wn="show%2:31:00" grouping="show.01"/>
            </MEMBERS>
            <THEMROLES/>
            <FRAMES>
                <FRAME>
                    <DESCRIPTION descriptionNumber="" primary="NP V NP to be NP" secondary="Infinitival Copular Clause" xtag=""/>
                    <EXAMPLES>
                        <EXAMPLE>He asserts himself to be the world's foremost authority.</EXAMPLE>
                    </EXAMPLES>
                    <SYNTAX>
                        <NP value="Agent">
                            <SYNRESTRS/>
                        </NP>
                        <VERB/>
                        <NP value="Theme">
                            <SYNRESTRS/>
                        </NP>
                        <NP value="Predicate">
                            <SYNRESTRS/>
                        </NP>
                    </SYNTAX>
                    <SEMANTICS>
                        <PRED value="declare">
                            <ARGS>
                                <ARG type="Event" value="during(E)"/>
                                <ARG type="ThemRole" value="Agent"/>
                                <ARG type="ThemRole" value="Theme"/>
                                <ARG type="ThemRole" value="Predicate"/>
                            </ARGS>
                        </PRED>
                    </SEMANTICS>
                </FRAME>
                <FRAME>
                    <DESCRIPTION descriptionNumber="" primary="NP V that S" secondary="S" xtag=""/>
                    <EXAMPLES>
                        <EXAMPLE>The prisoner admitted that he may have been in the area.</EXAMPLE>
                    </EXAMPLES>
                    <SYNTAX>
                        <NP value="Agent">
                            <SYNRESTRS/>
                        </NP>
                        <VERB/>
                        <NP value="Theme">
                            <SYNRESTRS>
                                <SYNRESTR Value="+" type="that_comp"/>
                            </SYNRESTRS>
                        </NP>
                    </SYNTAX>
                    <SEMANTICS>
                        <PRED value="declare">
                            <ARGS>
                                <ARG type="Event" value="during(E)"/>
                                <ARG type="ThemRole" value="Agent"/>
                                <ARG type="ThemRole" value="Theme"/>
                                <ARG type="ThemRole" value="?Predicate"/>
                            </ARGS>
                        </PRED>
                    </SEMANTICS>
                </FRAME>
                <FRAME>
                    <DESCRIPTION descriptionNumber="" primary="NP V NP" secondary="Basic Transitive" xtag=""/>
                    <EXAMPLES>
                        <EXAMPLE>The prisoner admitted his guilt.</EXAMPLE>
                    </EXAMPLES>
                    <SYNTAX>
                        <NP value="Agent">
                            <SYNRESTRS/>
                        </NP>
                        <VERB/>
                        <NP value="Theme">
                            <SYNRESTRS>
                                <SYNRESTR Value="-" type="sentential"/>
                            </SYNRESTRS>
                        </NP>
                    </SYNTAX>
                    <SEMANTICS>
                        <PRED value="declare">
                            <ARGS>
                                <ARG type="Event" value="during(E)"/>
                                <ARG type="ThemRole" value="Agent"/>
                                <ARG type="ThemRole" value="Theme"/>
                                <ARG type="ThemRole" value="?Predicate"/>
                            </ARGS>
                        </PRED>
                    </SEMANTICS>
                </FRAME>
            </FRAMES>
            <SUBCLASSES/>
        </VNSUBCLASS>
    </SUBCLASSES>
</VNCLASS>
