<?xml version="1.0" encoding="UTF-8"?>
<!DOCTYPE VNCLASS SYSTEM "vn_class-3.dtd">
<VNCLASS ID="disappearance-48.2" xmlns:xsi="http://www.w3.org/2001/XMLSchema-instance" xsi:noNamespaceSchemaLocation="vn_schema-3.xsd">
    <MEMBERS>
        <MEMBER name="die" wn="die%2:30:00 die%2:30:01" grouping="die.01"/>
        <MEMBER name="disappear" wn="disappear%2:30:00 disappear%2:39:00 disappear%2:30:02" grouping="disappear.01"/>
        <MEMBER name="expire" wn="expire%2:42:00 expire%2:30:00" grouping="expire.01 expire.02"/>
        <MEMBER name="lapse" wn="lapse%2:30:01 lapse%2:38:00" grouping="lapse.02 lapse.05"/>
        <MEMBER name="perish" wn="perish%2:30:00" grouping=""/>
        <MEMBER name="vanish" wn="vanish%2:30:00 vanish%2:39:00 vanish%2:38:05 vanish%2:30:02 vanish%2:30:01" grouping="vanish.01"/>
    </MEMBERS>
    <THEMROLES>
        <THEMROLE type="Patient">
            <SELRESTRS/>
        </THEMROLE>
        <THEMROLE type="Initial_Location">
            <SELRESTRS/>
        </THEMROLE>
    </THEMROLES>
    <FRAMES>
        <FRAME>
            <DESCRIPTION descriptionNumber="0.1" primary="NP V" secondary="Basic Intransitive" xtag=""/>
            <EXAMPLES>
                <EXAMPLE>The crowd vanished.</EXAMPLE>
            </EXAMPLES>
            <SYNTAX>
                <NP value="Patient">
                    <SYNRESTRS/>
                </NP>
                <VERB/>
            </SYNTAX>
            <SEMANTICS>
                <PRED value="disappear">
                    <ARGS>
                        <ARG type="Event" value="during(E)"/>
                        <ARG type="ThemRole" value="Patient"/>
                    </ARGS>
                </PRED>
            </SEMANTICS>
        </FRAME>
        <FRAME>
            <DESCRIPTION descriptionNumber="6.1" primary="There V PP NP" secondary="PP-NP; Expletive-there Subject" xtag=""/>
            <EXAMPLES>
                <EXAMPLE>A valuable manuscript vanished from the library.</EXAMPLE>
            </EXAMPLES>
            <SYNTAX>
                <NP value="Patient">
                    <SYNRESTRS/>
                </NP>
                <VERB/>
                <PREP value="from">
                    <SELRESTRS/>
                </PREP>
                <NP value="Initial_Location">
                    <SYNRESTRS/>
                </NP>
            </SYNTAX>
            <SEMANTICS>
                <PRED value="disappear">
                    <ARGS>
                        <ARG type="Event" value="during(E)"/>
                        <ARG type="ThemRole" value="Patient"/>
                    </ARGS>
                </PRED>
                <PRED value="Prep">
                    <ARGS>
                        <ARG type="Event" value="end(E)"/>
                        <ARG type="ThemRole" value="Patient"/>
                        <ARG type="ThemRole" value="Initial_Location"/>
                    </ARGS>
                </PRED>
            </SEMANTICS>
        </FRAME>
    </FRAMES>
    <SUBCLASSES/>
</VNCLASS>
