<?xml version="1.0" encoding="UTF-8"?>
<!DOCTYPE VNCLASS SYSTEM "vn_class-3.dtd">
<VNCLASS ID="dub-29.3" xmlns:xsi="http://www.w3.org/2001/XMLSchema-instance" xsi:noNamespaceSchemaLocation="vn_schema-3.xsd">
    <MEMBERS>
        <MEMBER name="call" wn="call%2:32:02 call%2:32:00 call%2:41:14" grouping="call.01 call.04 call.05"/>
        <MEMBER name="decree" wn="decree%2:31:00" grouping=""/>
        <MEMBER name="dub" wn="dub%2:32:00" grouping="dub.01"/>
        <MEMBER name="make" wn="make%2:30:00 make%2:41:03" grouping="make.03"/>
        <MEMBER name="pronounce" wn="pronounce%2:32:01 pronounce%2:32:00" grouping="pronounce.02"/>
        <MEMBER name="rename" wn="rename%2:32:00" grouping="rename.01"/>
        <MEMBER name="rule" wn="rule%2:31:00" grouping="rule.02"/>
        <MEMBER name="stamp" wn="stamp%2:39:00" grouping="stamp.05"/>
        <MEMBER name="term" wn="term%2:32:00" grouping="term.01"/>
        <MEMBER name="vote" wn="vote%2:41:12" grouping="vote.05"/>
         <MEMBER name="anoint" wn="anoint%2:29:00" grouping=""/>
                <MEMBER name="baptize" wn="baptize%2:32:00" grouping=""/>
                <MEMBER name="brand" wn="brand%2:32:00" grouping="brand.02"/>
                <MEMBER name="christen" wn="christen%2:32:00" grouping=""/>
                <MEMBER name="consecrate" wn="consecrate%2:41:00 consecrate%2:32:01 consecrate%2:32:00" grouping="consecrate.03"/>
                <MEMBER name="crown" wn="crown%2:41:00" grouping="crown.01"/>
                <MEMBER name="label" wn="label%2:32:01" grouping="label.01"/>
                <MEMBER name="name" wn="name%2:32:03 name%2:41:01 name%2:41:00" grouping="name.01 name.03"/>
                <MEMBER name="nickname" wn="nickname%2:32:00" grouping=""/>
                <MEMBER name="style" wn="style%2:32:00" grouping="style.03"/>
    </MEMBERS>
    <THEMROLES>
        <THEMROLE type="Agent">
            <SELRESTRS logic="or">
                <SELRESTR Value="+" type="animate"/>
                <SELRESTR Value="+" type="organization"/>
            </SELRESTRS>
        </THEMROLE>
        <THEMROLE type="Theme">
            <SELRESTRS logic="or">
                <SELRESTR Value="+" type="concrete"/>
                <SELRESTR Value="+" type="organization"/>
            </SELRESTRS>
        </THEMROLE>
        <THEMROLE type="Result">
            <SELRESTRS/>
        </THEMROLE>
    </THEMROLES>
    <FRAMES>
        <FRAME>
            <DESCRIPTION descriptionNumber="0.2" primary="NP V NP NP" secondary="NP-NP" xtag=""/>
            <EXAMPLES>
                <EXAMPLE>The captain named the ship Seafarer.</EXAMPLE>
            </EXAMPLES>
            <SYNTAX>
                <NP value="Agent">
                    <SYNRESTRS/>
                </NP>
                <VERB/>
                <NP value="Theme">
                    <SYNRESTRS/>
                </NP>
                <NP value="Result">
                    <SYNRESTRS/>
                </NP>
            </SYNTAX>
            <SEMANTICS>
                <PRED value="designated">
                    <ARGS>
                        <ARG type="Event" value="result(E)"/>
                        <ARG type="ThemRole" value="Theme"/>
                        <ARG type="ThemRole" value="Result"/>
                    </ARGS>
                </PRED>
                <PRED value="cause">
                    <ARGS>
                        <ARG type="ThemRole" value="Agent"/>
                        <ARG type="Event" value="E"/>
                    </ARGS>
                </PRED>
            </SEMANTICS>
        </FRAME>
        <FRAME>
            <DESCRIPTION descriptionNumber="" primary="NP V NP" secondary="Basic Transitive" xtag=""/>
            <EXAMPLES>
                <EXAMPLE>The captain baptized the ship.</EXAMPLE>
            </EXAMPLES>
            <SYNTAX>
                <NP value="Agent">
                    <SYNRESTRS/>
                </NP>
                <VERB/>
                <NP value="Theme">
                    <SYNRESTRS/>
                </NP>
            </SYNTAX>
            <SEMANTICS>
                <PRED value="cause">
                    <ARGS>
                        <ARG type="ThemRole" value="Agent"/>
                        <ARG type="Event" value="E"/>
                    </ARGS>
                </PRED>
                <PRED value="designated">
                    <ARGS>
                        <ARG type="Event" value="result(E)"/>
                        <ARG type="ThemRole" value="Theme"/>
                        <ARG type="ThemRole" value="?Result"/>
                    </ARGS>
                </PRED>
            </SEMANTICS>
        </FRAME>
    </FRAMES>
            <SUBCLASSES/>
</VNCLASS>
