<?xml version="1.0" encoding="UTF-8"?>
<!DOCTYPE VNCLASS SYSTEM "vn_class-3.dtd">
<VNCLASS ID="force-59" xmlns:xsi="http://www.w3.org/2001/XMLSchema-instance" xsi:noNamespaceSchemaLocation="vn_schema-3.xsd">
    <MEMBERS>
        <MEMBER name="bullock" wn="" grouping=""/>
        <MEMBER name="bamboozle" wn="bamboozle%2:32:00" grouping=""/>
        <MEMBER name="coax" wn="coax%2:32:00" grouping=""/>
        <MEMBER name="coerce" wn="coerce%2:41:00" grouping=""/>
        <MEMBER name="commission" wn="commission%2:41:00" grouping="commission.03"/>
        <MEMBER name="compel" wn="compel%2:41:00" grouping="compel.01"/>
        <MEMBER name="convince" wn="convince%2:32:00" grouping="convince.01"/>
        <MEMBER name="cozen" wn="cozen%2:41:01 cozen%2:41:00" grouping="cozen.02"/>
        <MEMBER name="dare" wn="dare%2:32:00" grouping="dare.02"/>
        <MEMBER name="draw" wn="draw%2:35:03" grouping="draw.01"/>
        <MEMBER name="encourage" wn="encourage%2:32:00" grouping="encourage.02"/>
        <MEMBER name="entice" wn="entice%2:32:00" grouping="entice.01"/>
        <MEMBER name="force" wn="force%2:36:00 force%2:35:01" grouping="force.01"/>
        <MEMBER name="goad" wn="goad%2:37:00 goad%2:35:00 goad%2:35:01 goad%2:32:01" grouping="goad.01"/>
        <MEMBER name="impel" wn="impel%2:36:00" grouping=""/>
        <MEMBER name="incite" wn="incite%2:36:00" grouping="incite.01"/>
        <MEMBER name="induce" wn="induce%2:32:00" grouping="induce.02"/>
        <MEMBER name="inveigle" wn="inveigle%2:32:00" grouping=""/>
        <MEMBER name="jolt" wn="jolt%2:38:00" grouping="jolt.01"/>
        <MEMBER name="lead" wn="lead%2:32:00" grouping="lead.01"/>
        <MEMBER name="mislead" wn="mislead%2:32:00" grouping="mislead.01 mislead.02"/>
        <MEMBER name="motivate" wn="motivate%2:36:00" grouping="motivate.01"/>
        <MEMBER name="obligate" wn="obligate%2:41:00" grouping="obligate.01"/>
        <MEMBER name="oblige" wn="oblige%2:41:00" grouping="oblige.02"/>
        <MEMBER name="palaver" wn="palaver%2:32:01" grouping="palaver.02"/>
        <MEMBER name="persuade" wn="persuade%2:32:00" grouping="persuade.01"/>
        <MEMBER name="press" wn="press%2:32:00" grouping="press.03"/>
        <MEMBER name="pressure" wn="pressure%2:41:00" grouping="pressure.01"/>
        <MEMBER name="prod" wn="prod%2:35:00" grouping="prod.02"/>
        <MEMBER name="prompt" wn="prompt%2:36:00 prompt%2:32:00" grouping="prompt.01"/>
        <MEMBER name="push" wn="push%2:38:00 push%2:32:01" grouping="push.01"/>
        <MEMBER name="rush" wn="rush%2:30:01" grouping="rush.02"/>
        <MEMBER name="rouse" wn="" grouping=""/>
        <MEMBER name="fox" wn="fox%2:41:00" grouping=""/>
        <MEMBER name="soothe" wn="soothe%2:37:00" grouping=""/>
        <MEMBER name="spur" wn="spur%2:41:00" grouping="spur.01"/>
        <MEMBER name="steamroller" wn="steamroller%2:41:01 steamroller%2:33:00" grouping=""/>
        <MEMBER name="suborn" wn="suborn%2:41:00 suborn%2:32:00" grouping="suborn.01"/>
        <MEMBER name="sway" wn="sway%2:41:00" grouping="sway.01"/>
        <MEMBER name="sweet-talk" wn="sweet-talk%2:32:00" grouping=""/>
        <MEMBER name="tempt" wn="tempt%2:32:04" grouping="tempt.02"/>
        <MEMBER name="bullshit" wn="bullshit%2:32:00" grouping=""/>
        <MEMBER name="sandbag" wn="sandbag%2:41:02" grouping=""/>
        <MEMBER name="railroad" wn="railroad%2:41:00" grouping=""/>
        <MEMBER name="dragoon" wn="dragoon%2:41:00" grouping=""/>
        <MEMBER name="hound" wn="hound%2:38:00" grouping=""/>
    </MEMBERS>
    <THEMROLES>
        <THEMROLE type="Agent">
            <SELRESTRS logic="or">
                <SELRESTR Value="+" type="animate"/>
                <SELRESTR Value="+" type="organization"/>
            </SELRESTRS>
        </THEMROLE>
        <THEMROLE type="Patient">
            <SELRESTRS logic="or">
                <SELRESTR Value="+" type="animate"/>
                <SELRESTR Value="+" type="organization"/>
            </SELRESTRS>
        </THEMROLE>
        <THEMROLE type="Result">
            <SELRESTRS/>
        </THEMROLE>
    </THEMROLES>
    <FRAMES>
        <FRAME>
            <DESCRIPTION descriptionNumber="0.2" primary="NP V NP" secondary="Basic Transitive" xtag="0.2"/>
            <EXAMPLES>
                <EXAMPLE>I forced him.</EXAMPLE>
            </EXAMPLES>
            <SYNTAX>
                <NP value="Agent">
                    <SYNRESTRS/>
                </NP>
                <VERB/>
                <NP value="Patient">
                    <SYNRESTRS/>
                </NP>
            </SYNTAX>
            <SEMANTICS>
                <PRED value="force">
                    <ARGS>
                        <ARG type="Event" value="during(E)"/>
                        <ARG type="ThemRole" value="Agent"/>
                        <ARG type="ThemRole" value="Patient"/>
                        <ARG type="ThemRole" value="?Result"/>
                    </ARGS>
                </PRED>
            </SEMANTICS>
        </FRAME>
        <FRAME>
            <DESCRIPTION descriptionNumber="0.2" primary="NP V NP S_ING" secondary="NP-P-ING-OC; into-PP" xtag="0.2"/>
            <EXAMPLES>
                <EXAMPLE>I forced him into coming.</EXAMPLE>
            </EXAMPLES>
            <SYNTAX>
                <NP value="Agent">
                    <SYNRESTRS/>
                </NP>
                <VERB/>
                <NP value="Patient">
                    <SYNRESTRS/>
                </NP>
                <PREP value="into">
                    <SELRESTRS/>
                </PREP>
                <NP value="Result">
                    <SYNRESTRS>
                        <SYNRESTR Value="+" type="oc_ing"/>
                    </SYNRESTRS>
                </NP>
            </SYNTAX>
            <SEMANTICS>
                <PRED value="force">
                    <ARGS>
                        <ARG type="Event" value="during(E)"/>
                        <ARG type="ThemRole" value="Agent"/>
                        <ARG type="ThemRole" value="Patient"/>
                        <ARG type="ThemRole" value="Result"/>
                    </ARGS>
                </PRED>
            </SEMANTICS>
        </FRAME>
        <FRAME>
            <DESCRIPTION descriptionNumber="0.2" primary="NP V NP PP.result" secondary="NP-PP; into-PP" xtag="0.1"/>
            <EXAMPLES>
                <EXAMPLE>I forced John into the chairmanship.</EXAMPLE>
            </EXAMPLES>
            <SYNTAX>
                <NP value="Agent">
                    <SYNRESTRS/>
                </NP>
                <VERB/>
                <NP value="Patient">
                    <SYNRESTRS/>
                </NP>
                <PREP value="into">
                    <SELRESTRS/>
                </PREP>
                <NP value="Result">
                    <SYNRESTRS>
                        <SYNRESTR Value="-" type="sentential"/>
                    </SYNRESTRS>
                </NP>
            </SYNTAX>
            <SEMANTICS>
                <PRED value="force">
                    <ARGS>
                        <ARG type="Event" value="during(E)"/>
                        <ARG type="ThemRole" value="Agent"/>
                        <ARG type="ThemRole" value="Patient"/>
                        <ARG type="ThemRole" value="Result"/>
                    </ARGS>
                </PRED>
            </SEMANTICS>
        </FRAME>
    </FRAMES>
    <SUBCLASSES>
        <VNSUBCLASS ID="force-59-1">
            <MEMBERS>
                <MEMBER name="allure" wn="allure%2:32:00" grouping=""/>
                <MEMBER name="annoy" wn="annoy%2:37:00" grouping=""/>
                <MEMBER name="arm-twist" wn="" grouping=""/>
                <MEMBER name="bait" wn="bait%2:41:00" grouping=""/>
                <MEMBER name="bluff" wn="bluff%2:33:00 bluff%2:32:00" grouping=""/>
                <MEMBER name="blackmail" wn="blackmail%2:41:00 blackmail%2:40:00" grouping=""/>
                <MEMBER name="bribe" wn="bribe%2:40:00" grouping="bribe.01"/>
                <MEMBER name="bully" wn="bully%2:32:00" grouping="bully.01"/>
                <MEMBER name="cajole" wn="cajole%2:32:00" grouping=""/>
                <MEMBER name="cheat" wn="cheat%2:33:00" grouping="cheat.02"/>
                <MEMBER name="commander" wn="commandeer%2:35:00" grouping=""/>
                <MEMBER name="con" wn="con%2:41:00" grouping="con.01"/>
                <MEMBER name="deceive" wn="deceive%2:32:00" grouping="deceive.01"/>
                <MEMBER name="delude" wn="delude%2:41:00" grouping=""/>
                <MEMBER name="draw" wn="draw%2:38:11" grouping="draw.02"/>
                <MEMBER name="dupe" wn="dupe%2:32:00" grouping=""/>
                <MEMBER name="ensnare" wn="ensnare%2:41:00" grouping=""/>
                <MEMBER name="entrap" wn="entrap%2:41:00" grouping=""/>
                <MEMBER name="flatter" wn="flatter%2:32:00" grouping=""/>
                <MEMBER name="fool" wn="fool%2:32:01" grouping="fool.01"/>
                <MEMBER name="frighten" wn="frighten%2:37:00" grouping="frighten.01"/>
                <MEMBER name="guide" wn="guide%2:38:01 guide%2:41:00" grouping="guide.02"/>
                <MEMBER name="harass" wn="harass%2:37:00 harass%2:33:00" grouping="harass.01 harass.02"/>
                <MEMBER name="harry" wn="harry%2:37:00" grouping=""/>
                <MEMBER name="hijack" wn="hijack%2:35:00 hijack%2:40:00" grouping="hijack.01"/>
                <MEMBER name="hoodwink" wn="hoodwink%2:41:00" grouping=""/>
                <MEMBER name="hustle" wn="hustle%2:32:00" grouping=""/>
                <MEMBER name="influence" wn="" grouping=""/>
                <MEMBER name="seduce" wn="seduce%2:32:00" grouping="seduce.01"/>
                <MEMBER name="lure" wn="lure%2:32:00" grouping="lure.01"/>
                <MEMBER name="manipulate" wn="manipulate%2:41:00 manipulate%2:37:00" grouping="manipulate.01"/>
                <MEMBER name="organize" wn="organize%2:41:00" grouping="organize.03"/>
                <MEMBER name="panic" wn="panic%2:37:01" grouping="panic.01"/>
                <MEMBER name="set" wn="set%2:30:09 set%2:30:12" grouping="set.06"/>
                <MEMBER name="shame" wn="shame%2:41:01" grouping=""/>
                <MEMBER name="shock" wn="shock%2:37:01" grouping="shock.01"/>
                <MEMBER name="stimulate" wn="stimulate%2:32:01 stimulate%2:32:00" grouping="stimulate.01"/>
                <MEMBER name="talk" wn="" grouping=""/>
                <MEMBER name="tease" wn="tease%2:37:00 tease%2:32:00" grouping="tease.01"/>
                <MEMBER name="terrify" wn="terrify%2:37:00" grouping=""/>
                <MEMBER name="trap" wn="trap%2:41:00" grouping="trap.01"/>
                <MEMBER name="trick" wn="trick%2:41:00" grouping=""/>
                <MEMBER name="wheedle" wn="wheedle%2:32:00" grouping=""/>
            </MEMBERS>
            <THEMROLES/>
            <FRAMES>
                <FRAME>
                    <DESCRIPTION descriptionNumber="8.1" primary="NP V NP S_INF" secondary="NP-TO-INF-OC" xtag="0.1"/>
                    <EXAMPLES>
                        <EXAMPLE>I forced him to come.</EXAMPLE>
                    </EXAMPLES>
                    <SYNTAX>
                        <NP value="Agent">
                            <SYNRESTRS/>
                        </NP>
                        <VERB/>
                        <NP value="Patient">
                            <SYNRESTRS/>
                        </NP>
                        <NP value="Result">
                            <SYNRESTRS>
                                <SYNRESTR Value="+" type="oc_to_inf"/>
                            </SYNRESTRS>
                        </NP>
                    </SYNTAX>
                    <SEMANTICS>
                        <PRED value="force">
                            <ARGS>
                                <ARG type="Event" value="during(E)"/>
                                <ARG type="ThemRole" value="Agent"/>
                                <ARG type="ThemRole" value="Patient"/>
                                <ARG type="ThemRole" value="Result"/>
                            </ARGS>
                        </PRED>
                    </SEMANTICS>
                </FRAME>
            </FRAMES>
            <SUBCLASSES/>
        </VNSUBCLASS>
    </SUBCLASSES>
</VNCLASS>












