<?xml version="1.0" encoding="UTF-8"?>
<!DOCTYPE VNCLASS SYSTEM "vn_class-3.dtd">
<VNCLASS ID="illustrate-25.3" xmlns:xsi="http://www.w3.org/2001/XMLSchema-instance" xsi:noNamespaceSchemaLocation="vn_schema-3.xsd">
    <MEMBERS>
        <MEMBER name="address" wn="address%2:32:03" grouping="address.06"/>
        <MEMBER name="adorn" wn="adorn%2:36:00" grouping="adorn.01"/>
        <MEMBER name="autograph" wn="autograph%2:32:00" grouping=""/>
        <MEMBER name="bead" wn="bead%2:36:00 bead%2:35:00" grouping="bead.02"/>
        <MEMBER name="brand" wn="brand%2:41:01" grouping="brand.01"/>
        <MEMBER name="date" wn="date%2:31:02 date%2:31:01" grouping="date.02"/>
        <MEMBER name="decorate" wn="decorate%2:35:00" grouping="decorate.01"/>
        <MEMBER name="embellish" wn="embellish%2:32:00 embellish%2:36:00" grouping="embellish.01 embellish.02"/>
        <MEMBER name="endorse" wn="endorse%2:32:00" grouping="endorse.03"/>
        <MEMBER name="gild" wn="" grouping=""/>
        <MEMBER name="ice" wn="ice%2:35:00" grouping="ice.01"/>
        <MEMBER name="illuminate" wn="illuminate%2:36:00" grouping="illuminate.03"/>
        <MEMBER name="illustrate" wn="illustrate%2:36:01" grouping="illustrate.01"/>
        <MEMBER name="initial" wn="initial%2:32:00" grouping=""/>
        <MEMBER name="label" wn="label%2:35:00" grouping="label.02"/>
        <MEMBER name="letter" wn="letter%2:36:00" grouping="letter.02"/>
        <MEMBER name="monogram" wn="" grouping=""/>
        <MEMBER name="ornament" wn="ornament%2:36:00" grouping=""/>
        <MEMBER name="redecorate" wn="redecorate%2:36:00" grouping=""/> 
        <MEMBER name="tag" wn="tag%2:35:00" grouping="tag.01 tag.04"/>
    </MEMBERS>
    <THEMROLES>
        <!--In most predicates, such as location, Theme really means image_of(Theme)-->
        <THEMROLE type="Agent">
            <SELRESTRS logic="or">
                <SELRESTR Value="+" type="animate"/>
                <SELRESTR Value="+" type="machine"/>
            </SELRESTRS>
        </THEMROLE>
        <THEMROLE type="Theme">
            <SELRESTRS/>
        </THEMROLE>
        <THEMROLE type="Destination">
            <SELRESTRS>
                <SELRESTR Value="+" type="concrete"/>
            </SELRESTRS>
        </THEMROLE>
    </THEMROLES>
    <FRAMES>
        <FRAME>
            <DESCRIPTION descriptionNumber="0.2" primary="NP V NP" secondary="Basic Transitive" xtag="0.2"/>
            <EXAMPLES>
                <EXAMPLE>The jeweler decorated the ring.</EXAMPLE>
            </EXAMPLES>
            <SYNTAX>
                <NP value="Agent">
                    <SYNRESTRS/>
                </NP>
                <VERB/>
                <NP value="Destination">
                    <SYNRESTRS/>
                </NP>
            </SYNTAX>
            <SEMANTICS>
                <PRED value="created_image">
                    <ARGS>
                        <ARG type="Event" value="result(E)"/>
                        <ARG type="ThemRole" value="?Theme"/>
                    </ARGS>
                </PRED>
                <PRED value="location">
                    <ARGS>
                        <ARG type="Event" value="end(E)"/>
                        <ARG type="ThemRole" value="?Theme"/>
                        <ARG type="ThemRole" value="Destination"/>
                    </ARGS>
                </PRED>
                <PRED value="cause">
                    <ARGS>
                        <ARG type="ThemRole" value="Agent"/>
                        <ARG type="Event" value="E"/>
                    </ARGS>
                </PRED>
            </SEMANTICS>
        </FRAME>
        <FRAME>
            <DESCRIPTION descriptionNumber="0.2" primary="NP V NP PP.theme" secondary="NP-PP; with-PP" xtag=""/>
            <EXAMPLES>
                <EXAMPLE>The jeweler decorated the ring with the name.</EXAMPLE>
            </EXAMPLES>
            <SYNTAX>
                <NP value="Agent">
                    <SYNRESTRS/>
                </NP>
                <VERB/>
                <NP value="Destination">
                    <SYNRESTRS/>
                </NP>
                <PREP value="with">
                    <SELRESTRS/>
                </PREP>
                <NP value="Theme">
                    <SYNRESTRS/>
                </NP>
            </SYNTAX>
            <SEMANTICS>
                <PRED value="created_image">
                    <ARGS>
                        <ARG type="Event" value="result(E)"/>
                        <ARG type="ThemRole" value="Theme"/>
                    </ARGS>
                </PRED>
                <PRED value="location">
                    <ARGS>
                        <ARG type="Event" value="end(E)"/>
                        <ARG type="ThemRole" value="Theme"/>
                        <ARG type="ThemRole" value="Destination"/>
                    </ARGS>
                </PRED>
                <PRED value="cause">
                    <ARGS>
                        <ARG type="ThemRole" value="Agent"/>
                        <ARG type="Event" value="E"/>
                    </ARGS>
                </PRED>
            </SEMANTICS>
        </FRAME>
    </FRAMES>
    <SUBCLASSES/>
</VNCLASS>

