<?xml version="1.0" encoding="UTF-8"?>
<!DOCTYPE VNCLASS SYSTEM "vn_class-3.dtd">
<VNCLASS ID="judgment-33" xmlns:xsi="http://www.w3.org/2001/XMLSchema-instance" xsi:noNamespaceSchemaLocation="vn_schema-3.xsd">
    <MEMBERS>
        <MEMBER name="acclaim" wn="acclaim%2:32:00" grouping=""/>
        <MEMBER name="accurse" wn="" grouping=""/>
        <MEMBER name="applaud" wn="applaud%2:32:00" grouping="applaud.02"/>
        <MEMBER name="assail" wn="" grouping="assail.01 assail.02"/>
        <MEMBER name="assault" wn="" grouping="assault.01"/>
        <MEMBER name="attack" wn="" grouping="attack.02"/>
        <MEMBER name="badmouth" wn="" grouping=""/>
        <MEMBER name="belittle" wn="" grouping="belittle.01"/>
        <MEMBER name="blame" wn="" grouping="blame.01 blame.02"/>
        <MEMBER name="blaspheme" wn="" grouping=""/>
        <MEMBER name="bless" wn="bless%2:32:00 bless%2:40:00" grouping="bless.01 bless.02"/>
        <MEMBER name="celebrate" wn="celebrate%2:41:02" grouping="celebrate.02"/>
        <MEMBER name="commend" wn="commend%2:32:00 commend%2:32:02" grouping="commend.01"/>
        <MEMBER name="compensate" wn="compensate%2:40:00" grouping="compensate.01 compensate.02"/>
        <MEMBER name="compliment" wn="compliment%2:32:00 compliment%2:32:01" grouping=""/>
        <MEMBER name="condone" wn="" grouping=""/>
        <MEMBER name="congratulate" wn="congratulate%2:32:00 congratulate%2:32:01 congratulate%2:37:00 congratulate%2:32:11" grouping="congratulate.01"/>
        <MEMBER name="curse" wn="" grouping="curse.02"/>
        <MEMBER name="damn" wn="" grouping=""/>
        <MEMBER name="doubt" wn="" grouping="doubt.02"/>
        <MEMBER name="eulogize" wn="eulogize%2:32:00" grouping=""/>
        <MEMBER name="excoriate" wn="" grouping=""/>
        <MEMBER name="excuse" wn="excuse%2:32:01 excuse%2:32:02" grouping="excuse.01"/>
        <MEMBER name="extol" wn="extol%2:32:00" grouping=""/>
        <MEMBER name="felicitate" wn="felicitate%2:32:00" grouping=""/>
        <MEMBER name="forgive" wn="forgive%2:32:00" grouping="forgive.01"/>
        <MEMBER name="gibe" wn="" grouping=""/>
        <MEMBER name="glorify" wn="" grouping="glorify.01"/>
        <MEMBER name="greet" wn="greet%2:32:00 ?greet%2:31:00" grouping="greet.01"/>
        <MEMBER name="hail" wn="hail%2:32:02" grouping="hail.01"/>
        <MEMBER name="herald" wn="herald%2:32:01" grouping=""/>
        <MEMBER name="imprecate" wn="" grouping=""/>
        <MEMBER name="incriminate" wn="" grouping=""/>
        <MEMBER name="indict" wn="" grouping="indict.01"/>
        <MEMBER name="lampoon" wn="lampoon%2:32:00" grouping=""/>
        <MEMBER name="stigmatize" wn="stigmatize%2:41:00" grouping=""/>
        <MEMBER name="praise" wn="praise%2:32:00" grouping="praise.01"/>
        <MEMBER name="honor" wn="honor%2:41:00 honor%2:41:01" grouping="honor.01"/>
        <MEMBER name="recommend" wn="recommend%2:32:00" grouping="recommend.01"/>
        <MEMBER name="laud" wn="laud%2:32:00" grouping=""/>
        <MEMBER name="pardon" wn="pardon%2:32:01 pardon%2:32:00" grouping="pardon.01 pardon.02"/>
        <MEMBER name="recompense" wn="recompense%2:40:01" grouping=""/>
        <MEMBER name="remunerate" wn="remunerate%2:40:00" grouping=""/>
        <MEMBER name="reprobate" wn="reprobate%2:32:01 reprobate%2:32:00" grouping="reprobate.02"/>
        <MEMBER name="slander" wn="" grouping=""/>
        <MEMBER name="stultify" wn="" grouping=""/>
        <MEMBER name="repay" wn="repay%2:40:02" grouping="repay.02"/>
        <MEMBER name="reward" wn="reward%2:41:01" grouping="reward.01"/>
        <MEMBER name="salute" wn="salute%2:32:03 salute%2:34:00" grouping="salute.01"/>
        <MEMBER name="satirize" wn="satirize%2:32:00" grouping=""/>
        <MEMBER name="thank" wn="thank%2:32:00" grouping="thank.01"/>
        <MEMBER name="toast" wn="toast%2:34:00" grouping=""/>
        <MEMBER name="welcome" wn="welcome%2:40:00" grouping="welcome.01"/>
        <MEMBER name="abuse" wn="abuse%2:41:00 abuse%2:30:00 abuse%2:32:00" grouping="abuse.01"/>
        <MEMBER name="backbite" wn="backbite%2:32:00" grouping=""/>
        <MEMBER name="calumniate" wn="calumniate%2:32:00" grouping=""/>
        <MEMBER name="castigate" wn="castigate%2:32:00" grouping=""/>
        <MEMBER name="censure" wn="censure%2:32:00" grouping=""/>
        <MEMBER name="chasten" wn="chasten%2:32:00" grouping=""/>
        <MEMBER name="chastise" wn="chastise%2:32:00" grouping=""/>
        <MEMBER name="chide" wn="chide%2:32:00" grouping=""/>
        <MEMBER name="condemn" wn="condemn%2:32:00" grouping="condemn.01"/>
        <MEMBER name="criticize" wn="criticize%2:32:00 criticize%2:33:00" grouping="criticize.01 criticize.02"/>
        <MEMBER name="decry" wn="decry%2:32:00" grouping=""/>
        <MEMBER name="defame" wn="defame%2:32:00" grouping=""/>
        <MEMBER name="denigrate" wn="denigrate%2:32:00 denigrate%2:32:01" grouping="denigrate.01"/>
        <MEMBER name="denounce" wn="denounce%2:32:00 denounce%2:41:00" grouping="denounce.01"/>
        <MEMBER name="deprecate" wn="deprecate%2:32:01 deprecate%2:32:00" grouping=""/>
        <MEMBER name="deride" wn="deride%2:32:00" grouping=""/>
        <MEMBER name="disparage" wn="disparage%2:32:00" grouping=""/>
        <MEMBER name="fault" wn="fault%2:32:00" grouping=""/>
        <MEMBER name="impeach" wn="impeach%2:32:03" grouping="impeach.02"/>
        <MEMBER name="insult" wn="insult%2:32:00" grouping=""/>
        <MEMBER name="lambaste" wn="lambaste%2:32:00" grouping=""/>
        <MEMBER name="malign" wn="malign%2:32:00" grouping=""/>
        <MEMBER name="mock" wn="mock%2:32:00" grouping="mock.01"/>
        <MEMBER name="penalize" wn="penalize%2:41:00" grouping=""/>
        <MEMBER name="persecute" wn="persecute%2:41:00" grouping=""/>
        <MEMBER name="prosecute" wn="?prosecute%2:41:01" grouping="prosecute.01"/>
        <MEMBER name="punish" wn="punish%2:41:00" grouping="punish.01"/>
        <MEMBER name="rebuke" wn="rebuke%2:32:00" grouping=""/>
        <MEMBER name="reprimand" wn="reprimand%2:32:01" grouping=""/>
        <MEMBER name="reproach" wn="reproach%2:32:00" grouping=""/>
        <MEMBER name="reprove" wn="reprove%2:32:00" grouping=""/>
        <MEMBER name="revile" wn="revile%2:32:00" grouping=""/>
        <MEMBER name="ridicule" wn="ridicule%2:32:00" grouping=""/>
        <MEMBER name="scold" wn="scold%2:32:00" grouping="scold.01"/>
        <MEMBER name="repudiate" wn="repudiate%2:32:00" grouping=""/>
        <MEMBER name="scorn" wn="scorn%2:37:00" grouping=""/>
        <MEMBER name="shame" wn="shame%2:41:00 shame%2:37:00" grouping=""/>
        <MEMBER name="snub" wn="snub%2:32:01 snub%2:32:00" grouping=""/>
        <MEMBER name="upbraid" wn="upbraid%2:32:00" grouping=""/>
        <MEMBER name="victimize" wn="victimize%2:41:01 victimize%2:41:00" grouping="victimize.01"/>
        <MEMBER name="vilify" wn="vilify%2:32:00" grouping=""/>
        <MEMBER name="approve" wn="approve%2:32:00 approve%2:31:00" grouping="approve.01 approve.02"/>
        <MEMBER name="sanction" wn="" grouping="sanction.02"/>
        <MEMBER name="slang" wn="slang%2:32:00" grouping=""/>
    </MEMBERS>
    <THEMROLES>
        <THEMROLE type="Agent">
            <SELRESTRS>
                <SELRESTR Value="+" type="human"/>
            </SELRESTRS>
        </THEMROLE>
        <THEMROLE type="Theme">
            <SELRESTRS/>
        </THEMROLE>
        <THEMROLE type="Attribute">
            <SELRESTRS/>
        </THEMROLE>
    </THEMROLES>
    <FRAMES>
        <FRAME>
            <DESCRIPTION descriptionNumber="0.2" primary="NP V NP" secondary="Basic Transitive" xtag=""/>
            <EXAMPLES>
                <EXAMPLE>They praised the volunteers.</EXAMPLE>
            </EXAMPLES>
            <SYNTAX>
                <NP value="Agent">
                    <SYNRESTRS/>
                </NP>
                <VERB/>
                <NP value="Theme">
                    <SYNRESTRS/>
                </NP>
            </SYNTAX>
            <SEMANTICS>
                <PRED value="declare">
                    <ARGS>
                        <ARG type="Event" value="during(E)"/>
                        <ARG type="ThemRole" value="Agent"/>
                        <ARG type="ThemRole" value="Theme"/>
                        <ARG type="ThemRole" value="?Attribute"/>
                    </ARGS>
                </PRED>
            </SEMANTICS>
        </FRAME>
        <FRAME>
            <DESCRIPTION descriptionNumber="0.2" primary="NP V NP PP.attribute" secondary="NP-PP; Cause-PP" xtag=""/>
            <EXAMPLES>
                <EXAMPLE>They praised the volunteers for their dedication.</EXAMPLE>
            </EXAMPLES>
            <SYNTAX>
                <NP value="Agent">
                    <SYNRESTRS/>
                </NP>
                <VERB/>
                <NP value="Theme">
                    <SYNRESTRS/>
                </NP>
                <PREP value="for">
                    <SELRESTRS/>
                </PREP>
                <NP value="Attribute">
                    <SYNRESTRS/>
                </NP>
            </SYNTAX>
            <SEMANTICS>
                <PRED value="declare">
                    <ARGS>
                        <ARG type="Event" value="during(E)"/>
                        <ARG type="ThemRole" value="Agent"/>
                        <ARG type="ThemRole" value="Theme"/>
                        <ARG type="ThemRole" value="Attribute"/>
                    </ARGS>
                </PRED>
            </SEMANTICS>
        </FRAME>
        <FRAME>
            <DESCRIPTION descriptionNumber="2.13.2" primary="NP V NP.theme" secondary="NP; Theme Object" xtag=""/>
            <EXAMPLES>
                <EXAMPLE>They praised the volunteer's dedication.</EXAMPLE>
            </EXAMPLES>
            <SYNTAX>
                <NP value="Agent">
                    <SYNRESTRS/>
                </NP>
                <VERB/>
                <NP value="Theme">
                    <SYNRESTRS>
                        <SYNRESTR Value="+" type="genitive"/>
                    </SYNRESTRS>
                </NP>
            </SYNTAX>
            <SEMANTICS>
                <PRED value="declare">
                    <ARGS>
                        <ARG type="Event" value="during(E)"/>
                        <ARG type="ThemRole" value="Agent"/>
                        <ARG type="ThemRole" value="Theme"/>
                        <ARG type="ThemRole" value="?Attribute"/>
                    </ARGS>
                </PRED>
            </SEMANTICS>
        </FRAME>
        <FRAME>
            <DESCRIPTION descriptionNumber="8.1" primary="NP V NP PP.attribute" secondary="NP-PP; as-PP" xtag=""/>
            <EXAMPLES>
                <EXAMPLE>I judged him as a good man.</EXAMPLE>
            </EXAMPLES>
            <SYNTAX>
                <NP value="Agent">
                    <SYNRESTRS/>
                </NP>
                <VERB/>
                <NP value="Theme">
                    <SYNRESTRS/>
                </NP>
                <PREP value="as">
                    <SELRESTRS/>
                </PREP>
                <NP value="Attribute">
                    <SYNRESTRS/>
                </NP>
            </SYNTAX>
            <SEMANTICS>
                <PRED value="declare">
                    <ARGS>
                        <ARG type="Event" value="during(E)"/>
                        <ARG type="ThemRole" value="Agent"/>
                        <ARG type="ThemRole" value="Theme"/>
                        <ARG type="ThemRole" value="Attribute"/>
                    </ARGS>
                </PRED>
            </SEMANTICS>
        </FRAME>
        <FRAME>
            <DESCRIPTION descriptionNumber="8.1" primary="NP V NP to be NP" secondary="NP-TOBE" xtag=""/>
            <EXAMPLES>
                <EXAMPLE>I judged him to be a good man.</EXAMPLE>
            </EXAMPLES>
            <SYNTAX>
                <NP value="Agent">
                    <SYNRESTRS/>
                </NP>
                <VERB/>
                <NP value="Theme">
                    <SYNRESTRS/>
                </NP>
                <NP value="Attribute">
                    <SYNRESTRS>
                        <SYNRESTR Value="+" type="small_clause"/>
                    </SYNRESTRS>
                </NP>
            </SYNTAX>
            <SEMANTICS>
                <PRED value="declare">
                    <ARGS>
                        <ARG type="Event" value="during(E)"/>
                        <ARG type="ThemRole" value="Agent"/>
                        <ARG type="ThemRole" value="Theme"/>
                        <ARG type="ThemRole" value="Attribute"/>
                    </ARGS>
                </PRED>
            </SEMANTICS>
        </FRAME>
    </FRAMES>
    <SUBCLASSES/>
</VNCLASS>
