<?xml version="1.0" encoding="UTF-8"?>
<!DOCTYPE VNCLASS SYSTEM "vn_class-3.dtd">
<VNCLASS ID="long-32.2" xmlns:xsi="http://www.w3.org/2001/XMLSchema-instance" xsi:noNamespaceSchemaLocation="vn_schema-3.xsd">
    <MEMBERS/>
    <THEMROLES>
        <THEMROLE type="Pivot">
            <SELRESTRS/>
        </THEMROLE>
        <THEMROLE type="Theme">
            <SELRESTRS/>
        </THEMROLE>
        <!--class needs to be subdivided-->
    </THEMROLES>
    <FRAMES>
        <FRAME>
            <DESCRIPTION descriptionNumber="" primary="NP V S_INF" secondary="TO-INF-SC" xtag=""/>
            <EXAMPLES>
                <EXAMPLE>John hankered to move up the corporate ladder.</EXAMPLE>
            </EXAMPLES>
            <SYNTAX>
                <NP value="Pivot">
                    <SYNRESTRS/>
                </NP>
                <VERB/>
                <NP value="Theme">
                    <SYNRESTRS>
                        <SYNRESTR Value="+" type="sc_to_inf"/>
                    </SYNRESTRS>
                </NP>
            </SYNTAX>
            <SEMANTICS>
                <PRED value="desire">
                    <ARGS>
                        <ARG type="Event" value="E"/>
                        <ARG type="ThemRole" value="Pivot"/>
                        <ARG type="ThemRole" value="Theme"/>
                    </ARGS>
                </PRED>
            </SEMANTICS>
        </FRAME>
    </FRAMES>
    <SUBCLASSES>
        <VNSUBCLASS ID="long-32.2-1">
            <MEMBERS>
                <MEMBER name="ache" wn="ache%2:37:06" grouping="ache.02"/>
                <MEMBER name="crave" wn="crave%2:34:00" grouping="crave.01"/>
                <MEMBER name="fall" wn="" grouping=""/>
                <MEMBER name="hanker" wn="hanker%2:37:00" grouping=""/>
                <MEMBER name="hope" wn="hope%2:37:01" grouping="hope.01"/>
                <MEMBER name="hunger" wn="hunger%2:34:01" grouping="hunger.01"/>
                <MEMBER name="itch" wn="itch%2:37:00" grouping="itch.03"/>
                <MEMBER name="long" wn="long%2:37:02" grouping=""/>
                <MEMBER name="lust" wn="lust%2:34:00" grouping=""/>
                <MEMBER name="pine" wn="pine%2:37:00" grouping=""/>
                <MEMBER name="pray" wn="pray%2:32:00" grouping="pray.01"/>
                <MEMBER name="thirst" wn="thirst%2:34:00" grouping=""/>
                <MEMBER name="wish" wn="?wish%2:37:00 ?wish%2:32:01" grouping="wish.01 wish.02"/>
                <MEMBER name="yearn" wn="yearn%2:37:00 yearn%2:37:01" grouping=""/>
            </MEMBERS>
            <THEMROLES/>
            <FRAMES>
                <FRAME>
                    <DESCRIPTION descriptionNumber="" primary="NP V PP.theme" secondary="PP; for-PP" xtag=""/>
                    <EXAMPLES>
                        <EXAMPLE>Danny longs for a sunny day.</EXAMPLE>
                    </EXAMPLES>
                    <SYNTAX>
                        <NP value="Pivot">
                            <SYNRESTRS/>
                        </NP>
                        <VERB/>
                        <PREP value="for">
                            <SELRESTRS/>
                        </PREP>
                        <NP value="Theme">
                            <SYNRESTRS/>
                        </NP>
                    </SYNTAX>
                    <SEMANTICS>
                        <PRED value="desire">
                            <ARGS>
                                <ARG type="Event" value="E"/>
                                <ARG type="ThemRole" value="Pivot"/>
                                <ARG type="ThemRole" value="Theme"/>
                            </ARGS>
                        </PRED>
                    </SEMANTICS>
                </FRAME>
            </FRAMES>
            <SUBCLASSES/>
        </VNSUBCLASS>
        <VNSUBCLASS ID="long-32.2-2">
            <MEMBERS>
                <MEMBER name="dangle" wn="" grouping=""/>
                <MEMBER name="hanker" wn="hanker%2:37:00" grouping=""/>
                <MEMBER name="lust" wn="lust%2:34:00" grouping=""/>
                <MEMBER name="thirst" wn="thirst%2:34:00" grouping=""/>
                <MEMBER name="yearn" wn="yearn%2:37:00 yearn%2:37:01" grouping=""/>
            </MEMBERS>
            <THEMROLES/>
            <FRAMES>
                <FRAME>
                    <DESCRIPTION descriptionNumber="" primary="NP V PP.theme" secondary="PP; after-PP" xtag=""/>
                    <EXAMPLES>
                        <EXAMPLE>Danny yearns after sunny days.</EXAMPLE>
                    </EXAMPLES>
                    <SYNTAX>
                        <NP value="Pivot">
                            <SYNRESTRS/>
                        </NP>
                        <VERB/>
                        <PREP value="after">
                            <SELRESTRS/>
                        </PREP>
                        <NP value="Theme">
                            <SYNRESTRS/>
                        </NP>
                    </SYNTAX>
                    <SEMANTICS>
                        <PRED value="desire">
                            <ARGS>
                                <ARG type="Event" value="E"/>
                                <ARG type="ThemRole" value="Pivot"/>
                                <ARG type="ThemRole" value="Theme"/>
                            </ARGS>
                        </PRED>
                    </SEMANTICS>
                </FRAME>
            </FRAMES>
            <SUBCLASSES/>
        </VNSUBCLASS>
    </SUBCLASSES>
</VNCLASS>
