<?xml version="1.0" encoding="UTF-8"?>
<!DOCTYPE VNCLASS SYSTEM "vn_class-3.dtd">
<VNCLASS ID="masquerade-29.6" xmlns:xsi="http://www.w3.org/2001/XMLSchema-instance" xsi:noNamespaceSchemaLocation="vn_schema-3.xsd">
    <MEMBERS>
        <MEMBER name="behave" wn="behave%2:29:00" grouping="behave.01"/>
        <MEMBER name="count" wn="" grouping="count.03"/>
        <MEMBER name="function" wn="function%2:42:12" grouping="function.01"/>
        <MEMBER name="masquerade" wn="masquerade%2:32:00" grouping=""/>
        <MEMBER name="officiate" wn="officiate%2:33:00" grouping=""/>
        <MEMBER name="qualify" wn="qualify%2:42:00" grouping="qualify.01"/>
        <MEMBER name="rank" wn="rank%2:31:13" grouping="rank.01"/>
    </MEMBERS>
    <THEMROLES>
        <THEMROLE type="Agent">
            <SELRESTRS>
                <SELRESTR Value="+" type="animate"/>
            </SELRESTRS>
        </THEMROLE>
        <THEMROLE type="Attribute">
            <SELRESTRS/>
        </THEMROLE>
    </THEMROLES>
    <FRAMES>
        <FRAME>
            <DESCRIPTION descriptionNumber="0.1" primary="NP V PP.attribute" secondary="PP; as-PP" xtag=""/>
            <EXAMPLES>
                <EXAMPLE>Dina masqueraded as a lawyer.</EXAMPLE>
            </EXAMPLES>
            <SYNTAX>
                <NP value="Agent">
                    <SYNRESTRS/>
                </NP>
                <VERB/>
                <LEX value="as"/>
                <NP value="Attribute">
                    <SYNRESTRS/>
                </NP>
            </SYNTAX>
            <SEMANTICS>
                <PRED value="masquerade">
                    <ARGS>
                        <ARG type="Event" value="during(E)"/>
                        <ARG type="ThemRole" value="Agent"/>
                        <ARG type="ThemRole" value="Attribute"/>
                    </ARGS>
                </PRED>
            </SEMANTICS>
        </FRAME>
    </FRAMES>
    <SUBCLASSES>
        <VNSUBCLASS ID="masquerade-29.6-1">
            <MEMBERS>
                <MEMBER name="act" wn="act%2:29:00 act%2:33:00" grouping="act.01 act.02"/>
                <MEMBER name="behave" wn="behave%2:29:00" grouping="behave.01"/>
            </MEMBERS>
            <THEMROLES/>
            <FRAMES>
                <FRAME>
                    <DESCRIPTION descriptionNumber="" primary="NP V PP.attribute" secondary="PP; like-PP" xtag=""/>
                    <EXAMPLES>
                        <EXAMPLE>Dina acted like a cretin.</EXAMPLE>
                    </EXAMPLES>
                    <SYNTAX>
                        <NP value="Agent">
                            <SYNRESTRS/>
                        </NP>
                        <VERB/>
                        <LEX value="like"/>
                        <NP value="Attribute">
                            <SYNRESTRS/>
                        </NP>
                    </SYNTAX>
                    <SEMANTICS>
                        <PRED value="masquerade">
                            <ARGS>
                                <ARG type="Event" value="during(E)"/>
                                <ARG type="ThemRole" value="Agent"/>
                                <ARG type="ThemRole" value="Attribute"/>
                            </ARGS>
                        </PRED>
                    </SEMANTICS>
                </FRAME>
            </FRAMES>
            <SUBCLASSES/>
        </VNSUBCLASS>
        <VNSUBCLASS ID="masquerade-29.6-2">
            <MEMBERS>
                <MEMBER name="serve" wn="serve%2:42:03 serve%2:33:00" grouping="serve.01 serve.03"/>
                <MEMBER name="pose" wn="pose%2:32:13" grouping="pose.03"/>
            </MEMBERS>
            <THEMROLES/>
            <FRAMES>
                <FRAME>
                    <DESCRIPTION descriptionNumber="" primary="NP V NP" secondary="Basic Transitive" xtag=""/>
                    <EXAMPLES>
                        <EXAMPLE>They serve a restricted role on the bench.</EXAMPLE>
                    </EXAMPLES>
                    <SYNTAX>
                        <NP value="Agent">
                            <SYNRESTRS/>
                        </NP>
                        <VERB/>
                        <NP value="Attribute">
                            <SYNRESTRS/>
                        </NP>
                    </SYNTAX>
                    <SEMANTICS>
                        <PRED value="masquerade">
                            <ARGS>
                                <ARG type="Event" value="during(E)"/>
                                <ARG type="ThemRole" value="Agent"/>
                                <ARG type="ThemRole" value="Attribute"/>
                            </ARGS>
                        </PRED>
                    </SEMANTICS>
                </FRAME>
                <FRAME>
                    <DESCRIPTION descriptionNumber="" primary="NP V PP.attribute" secondary="PP; in-PP" xtag=""/>
                    <EXAMPLES>
                        <EXAMPLE>He had served in financial planning positions.</EXAMPLE>
                    </EXAMPLES>
                    <SYNTAX>
                        <NP value="Agent">
                            <SYNRESTRS/>
                        </NP>
                        <VERB/>
                        <PREP value="in">
                            <SELRESTRS/>
                        </PREP>
                        <NP value="Attribute">
                            <SYNRESTRS/>
                        </NP>
                    </SYNTAX>
                    <SEMANTICS>
                        <PRED value="masquerade">
                            <ARGS>
                                <ARG type="Event" value="during(E)"/>
                                <ARG type="ThemRole" value="Agent"/>
                                <ARG type="ThemRole" value="Attribute"/>
                            </ARGS>
                        </PRED>
                    </SEMANTICS>
                </FRAME>
            </FRAMES>
            <SUBCLASSES/>
        </VNSUBCLASS>
    </SUBCLASSES>
</VNCLASS>
