<?xml version="1.0" encoding="UTF-8"?>
<!DOCTYPE VNCLASS SYSTEM "vn_class-3.dtd">
<VNCLASS ID="own-100" xmlns:xsi="http://www.w3.org/2001/XMLSchema-instance" xsi:noNamespaceSchemaLocation="vn_schema-3.xsd">
    <MEMBERS>
        <MEMBER name="have" wn="have%2:40:04" grouping="have.01 have.02 have.03 have.05"/>
        <MEMBER name="own" wn="own%2:40:00" grouping="own.01"/>
        <MEMBER name="possess" wn="possess%2:40:00" grouping="possess.01"/>
    </MEMBERS>
    <THEMROLES>
        <THEMROLE type="Pivot">
            <SELRESTRS logic="or">
                <SELRESTR Value="+" type="animate"/>
                <SELRESTR Value="+" type="organization"/>
            </SELRESTRS>
        </THEMROLE>
        <THEMROLE type="Theme">
            <SELRESTRS/>
        </THEMROLE>
    </THEMROLES>
    <FRAMES>
        <FRAME>
            <DESCRIPTION descriptionNumber="0.2" primary="NP V NP" secondary="NP" xtag="0.2"/>
            <EXAMPLES>
                <EXAMPLE>I own twelve oxen.</EXAMPLE>
            </EXAMPLES>
            <SYNTAX>
                <NP value="Pivot">
                    <SYNRESTRS/>
                </NP>
                <VERB/>
                <NP value="Theme">
                    <SYNRESTRS/>
                </NP>
            </SYNTAX>
            <SEMANTICS>
                 <PRED value="has_possession">
                     <ARGS>
                         <ARG type="Event" value="E"/>
                         <ARG type="ThemRole" value="Pivot"/>
                         <ARG type="ThemRole" value="Theme"/>
                     </ARGS>
                 </PRED>
            </SEMANTICS>
        </FRAME>
    </FRAMES>
    <SUBCLASSES/>
</VNCLASS>



