<?xml version="1.0" encoding="UTF-8"?>
<!DOCTYPE VNCLASS SYSTEM "vn_class-3.dtd">
<VNCLASS ID="throw-17.1" xmlns:xsi="http://www.w3.org/2001/XMLSchema-instance" xsi:noNamespaceSchemaLocation="vn_schema-3.xsd">
    <MEMBERS>
        <MEMBER name="cast" wn="cast%2:36:02 cast%2:35:00" grouping="cast.01"/>
        <MEMBER name="discard" wn="discard%2:40:00" grouping="discard.01"/>
    </MEMBERS>
    <THEMROLES>
        <THEMROLE type="Agent">
            <SELRESTRS>
                <SELRESTR Value="+" type="int_control"/>
            </SELRESTRS>
        </THEMROLE>
        <THEMROLE type="Theme">
            <SELRESTRS>
                <SELRESTR Value="+" type="concrete"/>
            </SELRESTRS>
        </THEMROLE>
        <THEMROLE type="Initial_Location">
            <SELRESTRS>
                <SELRESTR Value="+" type="location"/>
            </SELRESTRS>
        </THEMROLE>
        <THEMROLE type="Destination">
            <SELRESTRS logic="or">
                <SELRESTR Value="+" type="animate"/>
                <SELRESTRS>
                    <SELRESTR Value="+" type="location"/>
                    <SELRESTR Value="-" type="region"/>
                </SELRESTRS>
            </SELRESTRS>
        </THEMROLE>
        <THEMROLE type="Result">
                <SELRESTRS/>
        </THEMROLE>
    </THEMROLES>
    <FRAMES>
        <FRAME>
            <DESCRIPTION descriptionNumber="0.2" primary="NP V NP" secondary="Basic Transitive" xtag="0.2"/>
            <EXAMPLES>
                <EXAMPLE>Steve tossed the ball.</EXAMPLE>
            </EXAMPLES>
            <SYNTAX>
                <NP value="Agent">
                    <SYNRESTRS/>
                </NP>
                <VERB/>
                <NP value="Theme">
                    <SYNRESTRS/>
                </NP>
            </SYNTAX>
            <SEMANTICS>
                <PRED value="motion">
                    <ARGS>
                        <ARG type="Event" value="during(E1)"/>
                        <ARG type="ThemRole" value="Theme"/>
                    </ARGS>
                </PRED>
                <PRED value="exert_force">
                    <ARGS>
                        <ARG type="Event" value="during(E0)"/>
                        <ARG type="ThemRole" value="Agent"/>
                        <ARG type="ThemRole" value="Theme"/>
                    </ARGS>
                </PRED>
                <PRED value="contact">
                    <ARGS>
                        <ARG type="Event" value="end(E0)"/>
                        <ARG type="ThemRole" value="Agent"/>
                        <ARG type="ThemRole" value="Theme"/>
                    </ARGS>
                </PRED>
                <PRED bool="!" value="contact">
                    <ARGS>
                        <ARG type="Event" value="during(E1)"/>
                        <ARG type="ThemRole" value="Agent"/>
                        <ARG type="ThemRole" value="Theme"/>
                    </ARGS>
                </PRED>
                <PRED value="cause">
                    <ARGS>
                        <ARG type="ThemRole" value="Agent"/>
                        <ARG type="Event" value="E1"/>
                    </ARGS>
                </PRED>
                <PRED value="meets">
                    <ARGS>
                        <ARG type="Event" value="E0"/>
                        <ARG type="Event" value="E1"/>
                    </ARGS>
                </PRED>
            </SEMANTICS>
        </FRAME>
        <FRAME>
            <DESCRIPTION descriptionNumber="0.2" primary="NP V NP PP.destinations" secondary="NP-PP; Goal-PP" xtag=""/>
            <EXAMPLES>
                <EXAMPLE>Steve tossed the ball to the garden.</EXAMPLE>
            </EXAMPLES>
            <SYNTAX>
                <NP value="Agent">
                    <SYNRESTRS/>
                </NP>
                <VERB/>
                <NP value="Theme">
                    <SYNRESTRS/>
                </NP>
                <PREP>
                    <SELRESTRS logic="or">
                        <SELRESTR Value="+" type="dest"/>
                        <SELRESTR Value="+" type="loc"/>
                    </SELRESTRS>
                </PREP>
                <NP value="Destination">
                    <SYNRESTRS/>
                </NP>
            </SYNTAX>
            <SEMANTICS>
                <PRED value="exert_force">
                    <ARGS>
                        <ARG type="Event" value="during(E0)"/>
                        <ARG type="ThemRole" value="Agent"/>
                        <ARG type="ThemRole" value="Theme"/>
                    </ARGS>
                </PRED>
                <PRED value="contact">
                    <ARGS>
                        <ARG type="Event" value="end(E0)"/>
                        <ARG type="ThemRole" value="Agent"/>
                        <ARG type="ThemRole" value="Theme"/>
                    </ARGS>
                </PRED>
                <PRED value="motion">
                    <ARGS>
                        <ARG type="Event" value="during(E1)"/>
                        <ARG type="ThemRole" value="Theme"/>
                    </ARGS>
                </PRED>
                <PRED bool="!" value="contact">
                    <ARGS>
                        <ARG type="Event" value="during(E1)"/>
                        <ARG type="ThemRole" value="Agent"/>
                        <ARG type="ThemRole" value="Theme"/>
                    </ARGS>
                </PRED>
                <PRED bool="!" value="location">
                    <ARGS>
                        <ARG type="Event" value="start(E1)"/>
                        <ARG type="ThemRole" value="Theme"/>
                        <ARG type="ThemRole" value="Destination"/>
                    </ARGS>
                </PRED>
                <PRED value="location">
                    <ARGS>
                        <ARG type="Event" value="end(E1)"/>
                        <ARG type="ThemRole" value="Theme"/>
                        <ARG type="ThemRole" value="Destination"/>
                    </ARGS>
                </PRED>
                <PRED value="cause">
                    <ARGS>
                        <ARG type="ThemRole" value="Agent"/>
                        <ARG type="Event" value="E1"/>
                    </ARGS>
                </PRED>
                <PRED value="meets">
                    <ARGS>
                        <ARG type="Event" value="E0"/>
                        <ARG type="Event" value="E1"/>
                    </ARGS>
                </PRED>
            </SEMANTICS>
        </FRAME>
        <FRAME>
            <DESCRIPTION descriptionNumber="0.2" primary="NP V NP PP.initial_location" secondary="NP-PP; Initial_Location-PP" xtag=""/>
            <!-- might want to add predicate !location(end(E1),Theme,Initial_Location)-->
            <EXAMPLES>
                <EXAMPLE>Steve tossed the ball from the corner.</EXAMPLE>
            </EXAMPLES>
            <SYNTAX>
                <NP value="Agent">
                    <SYNRESTRS/>
                </NP>
                <VERB/>
                <NP value="Theme">
                    <SYNRESTRS/>
                </NP>
                <PREP>
                    <SELRESTRS>
                        <SELRESTR Value="+" type="src"/>
                    </SELRESTRS>
                </PREP>
                <NP value="Initial_Location">
                    <SYNRESTRS/>
                </NP>
            </SYNTAX>
            <SEMANTICS>
                <PRED value="exert_force">
                    <ARGS>
                        <ARG type="Event" value="during(E0)"/>
                        <ARG type="ThemRole" value="Agent"/>
                        <ARG type="ThemRole" value="Theme"/>
                    </ARGS>
                </PRED>
                <PRED value="contact">
                    <ARGS>
                        <ARG type="Event" value="end(E0)"/>
                        <ARG type="ThemRole" value="Agent"/>
                        <ARG type="ThemRole" value="Theme"/>
                    </ARGS>
                </PRED>
                <PRED value="motion">
                    <ARGS>
                        <ARG type="Event" value="during(E1)"/>
                        <ARG type="ThemRole" value="Theme"/>
                    </ARGS>
                </PRED>
                <PRED bool="!" value="contact">
                    <ARGS>
                        <ARG type="Event" value="during(E1)"/>
                        <ARG type="ThemRole" value="Agent"/>
                        <ARG type="ThemRole" value="Theme"/>
                    </ARGS>
                </PRED>
                <PRED value="location">
                    <ARGS>
                        <ARG type="Event" value="start(E1)"/>
                        <ARG type="ThemRole" value="Theme"/>
                        <ARG type="ThemRole" value="Initial_Location"/>
                    </ARGS>
                </PRED>
                <PRED value="cause">
                    <ARGS>
                        <ARG type="ThemRole" value="Agent"/>
                        <ARG type="Event" value="E1"/>
                    </ARGS>
                </PRED>
                <PRED value="meets">
                    <ARGS>
                        <ARG type="Event" value="E0"/>
                        <ARG type="Event" value="E1"/>
                    </ARGS>
                </PRED>
            </SEMANTICS>
        </FRAME>
        <FRAME>
            <DESCRIPTION descriptionNumber="0.2" primary="NP V NP PP.initial_location PP.destination" secondary="NP-PP-PP; Initial_Location-PP Goal-PP" xtag=""/>
            <EXAMPLES>
                <EXAMPLE>Steve tossed the ball from the corner to the garden.</EXAMPLE>
            </EXAMPLES>
            <SYNTAX>
                <NP value="Agent">
                    <SYNRESTRS/>
                </NP>
                <VERB/>
                <NP value="Theme">
                    <SYNRESTRS/>
                </NP>
                <PREP>
                    <SELRESTRS>
                        <SELRESTR Value="+" type="src"/>
                    </SELRESTRS>
                </PREP>
                <NP value="Initial_Location">
                    <SYNRESTRS/>
                </NP>
                <PREP>
                    <SELRESTRS>
                        <SELRESTR Value="+" type="dest_dir"/>
                    </SELRESTRS>
                </PREP>
                <NP value="Destination">
                    <SYNRESTRS/>
                </NP>
            </SYNTAX>
            <SEMANTICS>
                <PRED value="exert_force">
                    <ARGS>
                        <ARG type="Event" value="during(E0)"/>
                        <ARG type="ThemRole" value="Agent"/>
                        <ARG type="ThemRole" value="Theme"/>
                    </ARGS>
                </PRED>
                <PRED value="contact">
                    <ARGS>
                        <ARG type="Event" value="end(E0)"/>
                        <ARG type="ThemRole" value="Agent"/>
                        <ARG type="ThemRole" value="Theme"/>
                    </ARGS>
                </PRED>
                <PRED value="motion">
                    <ARGS>
                        <ARG type="Event" value="during(E1)"/>
                        <ARG type="ThemRole" value="Theme"/>
                    </ARGS>
                </PRED>
                <PRED bool="!" value="contact">
                    <ARGS>
                        <ARG type="Event" value="during(E1)"/>
                        <ARG type="ThemRole" value="Agent"/>
                        <ARG type="ThemRole" value="Theme"/>
                    </ARGS>
                </PRED>
                <PRED value="location">
                    <ARGS>
                        <ARG type="Event" value="start(E1)"/>
                        <ARG type="ThemRole" value="Theme"/>
                        <ARG type="ThemRole" value="Initial_Location"/>
                    </ARGS>
                </PRED>
                <PRED value="location">
                    <ARGS>
                        <ARG type="Event" value="end(E1)"/>
                        <ARG type="ThemRole" value="Theme"/>
                        <ARG type="ThemRole" value="Destination"/>
                    </ARGS>
                </PRED>
                <PRED value="cause">
                    <ARGS>
                        <ARG type="ThemRole" value="Agent"/>
                        <ARG type="Event" value="E1"/>
                    </ARGS>
                </PRED>
                <PRED value="meets">
                    <ARGS>
                        <ARG type="Event" value="E0"/>
                        <ARG type="Event" value="E1"/>
                    </ARGS>
                </PRED>
            </SEMANTICS>
        </FRAME>
        <FRAME>
            <DESCRIPTION descriptionNumber="" primary="NP V NP ADVP" secondary="NP-ADVP-PRED; here/there/away" xtag=""/>
            <EXAMPLES>
                <EXAMPLE>I threw the package away.</EXAMPLE>
            </EXAMPLES>
            <SYNTAX>
                <NP value="Agent">
                    <SYNRESTRS/>
                </NP>
                <VERB/>
                <NP value="Theme">
                    <SYNRESTRS/>
                </NP>
                <NP value="Destination">
                    <SYNRESTRS>
                        <SYNRESTR Value="+" type="adv_loc"/>
                    </SYNRESTRS>
                </NP>
            </SYNTAX>
            <SEMANTICS>
                <PRED value="motion">
                    <ARGS>
                        <ARG type="Event" value="during(E1)"/>
                        <ARG type="ThemRole" value="Theme"/>
                    </ARGS>
                </PRED>
                <PRED value="exert_force">
                    <ARGS>
                        <ARG type="Event" value="during(E0)"/>
                        <ARG type="ThemRole" value="Agent"/>
                        <ARG type="ThemRole" value="Theme"/>
                    </ARGS>
                </PRED>
                <PRED value="contact">
                    <ARGS>
                        <ARG type="Event" value="end(E0)"/>
                        <ARG type="ThemRole" value="Agent"/>
                        <ARG type="ThemRole" value="Theme"/>
                    </ARGS>
                </PRED>
                <PRED bool="!" value="contact">
                    <ARGS>
                        <ARG type="Event" value="during(E1)"/>
                        <ARG type="ThemRole" value="Agent"/>
                        <ARG type="ThemRole" value="Theme"/>
                    </ARGS>
                </PRED>
                <PRED value="cause">
                    <ARGS>
                        <ARG type="ThemRole" value="Agent"/>
                        <ARG type="Event" value="E"/>
                    </ARGS>
                </PRED>
                <PRED value="meets">
                    <ARGS>
                        <ARG type="Event" value="E0"/>
                        <ARG type="Event" value="E1"/>
                    </ARGS>
                </PRED>
            </SEMANTICS>
        </FRAME>
    </FRAMES>
    <SUBCLASSES>
        <VNSUBCLASS ID="throw-17.1-1">
            <MEMBERS>
                <MEMBER name="bash" wn="bash%2:35:00" grouping=""/>
                <MEMBER name="bat" wn="bat%2:35:01" grouping="bat.01"/>
                <MEMBER name="bunt" wn="bunt%2:35:01" grouping=""/>
                <MEMBER name="chuck" wn="chuck%2:35:00" grouping="chuck.01"/>
                <MEMBER name="fire" wn="fire%2:33:01 fire%2:33:00" grouping="fire.01"/>
                <MEMBER name="flick" wn="flick%2:35:03" grouping="flick.04"/>
                <MEMBER name="fling" wn="fling%2:35:00" grouping="fling.01"/>
                <MEMBER name="flip" wn="flip%2:38:00 flip%2:38:02 flip%2:35:05 flip%2:35:03" grouping="flip.01"/>
                <MEMBER name="hit" wn="hit%2:35:03" grouping="hit.01"/>
                <MEMBER name="hurl" wn="hurl%2:35:00" grouping="hurl.01"/>
                <MEMBER name="knock" wn="knock%2:35:04" grouping="knock.01"/>
                <MEMBER name="lob" wn="lob%2:35:00" grouping=""/>
                <MEMBER name="loft" wn="loft%2:35:01" grouping=""/>
                <MEMBER name="nudge" wn="nudge%2:35:00" grouping=""/>
                <MEMBER name="pass" wn="pass%2:40:01" grouping="pass.04"/>
                <MEMBER name="pitch" wn="pitch%2:35:00 pitch%2:35:13" grouping="pitch.01 pitch.02 pitch.07 pitch.08"/>
                <MEMBER name="punt" wn="punt%2:35:01" grouping="punt.01"/>
                <MEMBER name="shoot" wn="shoot%2:35:01" grouping="shoot.02"/>
                <MEMBER name="shove" wn="shove%2:38:01" grouping="shove.02"/>
                <MEMBER name="slam" wn="slam%2:35:02" grouping="slam.01"/>
                <MEMBER name="slap" wn="" grouping="slap.04"/>
                <MEMBER name="sling" wn="sling%2:35:00" grouping="sling.01"/>
                <MEMBER name="smash" wn="smash%2:35:00" grouping="smash.01"/>
                <MEMBER name="tap" wn="" grouping=""/>
                <MEMBER name="boot" wn="boot%2:35:00" grouping="boot.02"/>
            </MEMBERS>
            <THEMROLES>
                <THEMROLE type="Destination">
                    <SELRESTRS>
                        <SELRESTR Value="+" type="animate"/>
                    </SELRESTRS>
                </THEMROLE>
            </THEMROLES>
            <FRAMES>
                <FRAME>
                    <DESCRIPTION descriptionNumber="2.1" primary="NP V NP-Dative NP" secondary="Dative" xtag=""/>
                    <EXAMPLES>
                        <EXAMPLE>Steve tossed John the ball.</EXAMPLE>
                    </EXAMPLES>
                    <SYNTAX>
                        <NP value="Agent">
                            <SYNRESTRS/>
                        </NP>
                        <VERB/>
                        <NP value="Destination">
                            <SYNRESTRS/>
                        </NP>
                        <NP value="Theme">
                            <SYNRESTRS/>
                        </NP>
                    </SYNTAX>
                    <SEMANTICS>
                        <PRED value="exert_force">
                            <ARGS>
                                <ARG type="Event" value="during(E0)"/>
                                <ARG type="ThemRole" value="Agent"/>
                                <ARG type="ThemRole" value="Theme"/>
                            </ARGS>
                        </PRED>
                        <PRED value="contact">
                            <ARGS>
                                <ARG type="Event" value="end(E0)"/>
                                <ARG type="ThemRole" value="Agent"/>
                                <ARG type="ThemRole" value="Theme"/>
                            </ARGS>
                        </PRED>
                        <PRED value="motion">
                            <ARGS>
                                <ARG type="Event" value="during(E1)"/>
                                <ARG type="ThemRole" value="Theme"/>
                            </ARGS>
                        </PRED>
                        <PRED bool="!" value="contact">
                            <ARGS>
                                <ARG type="Event" value="during(E1)"/>
                                <ARG type="ThemRole" value="Agent"/>
                                <ARG type="ThemRole" value="Theme"/>
                            </ARGS>
                        </PRED>
                        <PRED bool="!" value="location">
                            <ARGS>
                                <ARG type="Event" value="start(E1)"/>
                                <ARG type="ThemRole" value="Theme"/>
                                <ARG type="ThemRole" value="Destination"/>
                            </ARGS>
                        </PRED>
                        <PRED value="location">
                            <ARGS>
                                <ARG type="Event" value="end(E1)"/>
                                <ARG type="ThemRole" value="Theme"/>
                                <ARG type="ThemRole" value="Destination"/>
                            </ARGS>
                        </PRED>
                        <PRED value="cause">
                            <ARGS>
                                <ARG type="ThemRole" value="Agent"/>
                                <ARG type="Event" value="E1"/>
                            </ARGS>
                        </PRED>
                        <PRED value="meets">
                            <ARGS>
                                <ARG type="Event" value="E0"/>
                                <ARG type="Event" value="E1"/>
                            </ARGS>
                        </PRED>
                    </SEMANTICS>
                </FRAME>
            </FRAMES>
            <SUBCLASSES>
                <VNSUBCLASS ID="throw-17.1-1-1">
                    <MEMBERS>
                        <MEMBER name="catapult" wn="catapult%2:35:00 catapult%2:35:01" grouping=""/>
                        <MEMBER name="kick" wn="kick%2:35:01" grouping="kick.01"/>
                        <MEMBER name="launch" wn="launch%2:35:00 launch%2:35:04" grouping="launch.01 launch.02"/>
                        <MEMBER name="throw" wn="throw%2:35:00 throw%2:38:00 throw%2:35:02 throw%2:38:03" grouping="throw.01 throw.03"/>
                        <MEMBER name="tip" wn="" grouping="tip.01 tip.07"/>
                        <MEMBER name="toss" wn="toss%2:35:04 toss%2:38:00 toss%2:35:05" grouping="toss.01 toss.04"/>
                    </MEMBERS>
                    <THEMROLES>
                        <THEMROLE type="Cause">
                            <SELRESTRS/>
                        </THEMROLE>
                    </THEMROLES>
                    <FRAMES>
                        <FRAME>
                            <DESCRIPTION descriptionNumber="" primary="NP V NP PP.result" secondary="NP-PP; Result-PP" xtag=""/>
                            <EXAMPLES>
                                <EXAMPLE>The proposal throws the House's work into chaos.</EXAMPLE>
                            </EXAMPLES>
                            <SYNTAX>
                                <NP value="Cause">
                                    <SYNRESTRS/>
                                </NP>
                                <VERB/>
                                <NP value="Theme">
                                    <SYNRESTRS/>
                                </NP>
                                <PREP value="into">
                                    <SELRESTRS/>
                                </PREP>
                                <NP value="Result">
                                    <SELRESTRS/>
                                </NP>
                            </SYNTAX>
                            <SEMANTICS>
                               <PRED value="exert_force">
                                  <ARGS>
                                    <ARG type="Event" value="during(E)"/>
                                    <ARG type="ThemRole" value="Cause"/>
                                    <ARG type="ThemRole" value="Theme"/>
                                  </ARGS>
                               </PRED>
                            </SEMANTICS>
                        </FRAME>
                        <FRAME>
                            <DESCRIPTION descriptionNumber="" primary="NP V PP.result NP" secondary="PP-NP; Result-PP" xtag=""/>
                            <EXAMPLES>
                                <EXAMPLE>The proposal throws into chaos the House's proposal.</EXAMPLE>
                            </EXAMPLES>
                            <SYNTAX>
                                <NP value="Cause">
                                    <SYNRESTRS/>
                                </NP>
                                <VERB/>
                                <PREP value="into">
                                    <SELRESTRS/>
                                </PREP>
                                <NP value="Result">
                                    <SELRESTRS/>
                                </NP>
                                <NP value="Theme">
                                    <SYNRESTRS/>
                                </NP>
                            </SYNTAX>
                            <SEMANTICS>
                               <PRED value="exert_force">
                                  <ARGS>
                                    <ARG type="Event" value="during(E)"/>
                                    <ARG type="ThemRole" value="Cause"/>
                                    <ARG type="ThemRole" value="Theme"/>
                                  </ARGS>
                               </PRED>
                            </SEMANTICS>
                        </FRAME>
                    </FRAMES>
                    <SUBCLASSES/>
                </VNSUBCLASS>
            </SUBCLASSES>
        </VNSUBCLASS>
    </SUBCLASSES>
</VNCLASS>




































